person_name,user_name,email,personal_number,birth_date,address,phone,mac_address,ip_address,iban,accessed_at,session_duration,download_speed,upload_speed,consumed_traffic,unique_id
Patricio Otero Alva,patriciooteroalva,patriciooteroalva@gmail.com,54512165496,2011-06-22,"Periférico Suriname 506 Edif. 588 , Depto. 281, Vieja Túnez, BCS 26500",+73(8)1344426566,fa:23:91:98:bd:be,19.144.160.61,GB15FZWV3092628284984,2025-06-23 17:01:18,8148,548,252,1180442,d0609b3a-68d0-4db9-acd1-6fe3ed186d75
Cristobal Viera,cristobalviera,cristobalviera@hotmail.com,63117248219,1949-02-18,"Corredor Lituania 126 Interior 749, Nueva Luxemburgo, CHIH 27872-4508",832-889-3068x406,9c:db:93:de:f6:12,203.58.184.244,GB05RYVI7626769490637,2025-06-23 17:01:18,19844,459,650,1052318,7f6d72b2-31bd-425c-a212-032e3032524e
Rosa Casillas Samaniego,rosacasillassamaniego,rosacasillassamaniego@gmail.com,23054749215,1972-09-11,"Ampliación Norte Cintrón 631 494, San Cristal de la Montaña, SIN 63031",1-812-701-1556,70:3c:58:20:f0:6c,106.157.89.156,GB44AHVF9516056745248,2025-06-23 17:01:18,13402,583,180,1698584,576fe69e-e76c-434f-8557-c2be0f8e4894
Arturo Yeni Camacho,arturoyenicamacho,arturoyenicamacho@gmail.com,12231396636,1973-09-24,"Boulevard México 355 Edif. 701 , Depto. 557, Nueva Camboya, VER 73328-5040",(403)106-0712x6599,52:1e:20:a5:5c:0f,165.250.203.53,GB34YKIL5579550188085,2025-06-23 17:01:18,14616,52,420,1198691,871d8317-f9ca-4baf-a6ab-2ddafa7afd96
Anabel Miriam Hernádez Rivera,anabelmiriamhernádezrivera,anabelmiriamhernádezrivera@hotmail.com,52563393918,1996-02-15,"Cerrada Kazajstán 076 780, San María Elena los bajos, AGS 82578",1-867-513-4113x544,0e:15:32:c2:d9:a6,206.1.233.192,GB54WKCC5721899795489,2025-06-23 17:01:18,23876,315,658,1326243,40091f8c-2674-4027-9789-712aed4f8634
Patricia Adriana Polanco,patriciaadrianapolanco,patriciaadrianapolanco@hotmail.com,45517580861,1921-08-03,"Peatonal Escamilla 677 263, San Miguel Ángel los bajos, MEX 59438-9128",+99(1)2298023878,ea:8f:8b:df:6a:9a,41.105.121.40,GB36APQS5864052302914,2025-06-23 17:01:18,14051,678,67,1928622,e45a9291-610a-4bd0-8c04-dfbdb80cd186
Berta Valdez Peres,bertavaldezperes,bertavaldezperes@yahoo.com,15001493327,1980-02-13,"Calzada Sur Montez 497 Interior 339, San Jacobo los bajos, QRO 47329-8202",1-361-867-6803x373,fc:d9:6c:78:a5:40,102.108.188.158,GB49JYPF7578489277746,2025-06-23 17:01:18,33913,407,29,307101,c03423ab-49d7-4f17-af39-302b6393ffe5
Leonardo Mateo Parra,leonardomateoparra,leonardomateoparra@hotmail.com,55726011350,1977-06-22,"Ampliación Guevara 583 Interior 114, San Virginia de la Montaña, DF 94583-8135",(353)648-7976,be:03:b2:73:70:82,17.106.231.30,GB13HPBV1022208629931,2025-06-23 17:01:18,20247,894,108,66097,a938c067-a388-4a3f-bce6-4e4ae0bdcd8a
María Teresa Isabela Gamez Espinoza,maríateresaisabelagamezespinoza,maríateresaisabelagamezespinoza@hotmail.com,57891654063,1994-05-30,"Diagonal Esparza 216 Edif. 812 , Depto. 844, Vieja San Vicente y las Granadinas, CHIS 72681-9749",1-192-325-4970,ce:2a:9a:a8:01:13,195.101.45.181,GB64SABA4943719240294,2025-06-23 17:01:18,16631,756,38,749184,0d9f5d96-72b0-4439-a328-4d9b9ec8fdc8
Rosario Modesto Ballesteros,rosariomodestoballesteros,rosariomodestoballesteros@yahoo.com,38509877809,1942-07-21,"Callejón Kenya 553 259, Vieja República Unida de Tanzanía, DF 20769",(256)885-6862,e0:42:d2:b3:3c:dc,9.118.56.152,GB76FFYO2076989823752,2025-06-23 17:01:18,35609,787,401,924607,5b2d05d4-6ac8-4874-8d44-dda232a56f78
Daniel María Teresa García,danielmaríateresagarcía,danielmaríateresagarcía@hotmail.com,9074768517,2020-03-18,"Corredor Sur Calderón 501 398, San Víctor los altos, TLAX 70228",677-481-4144x34092,a2:62:27:29:eb:19,68.20.69.197,GB88SJQS2467489269217,2025-06-23 17:01:18,1480,985,511,1857817,622a928d-1d5b-4823-a7b6-6a4adc95772b
Gustavo Noriega,gustavonoriega,gustavonoriega@hotmail.com,83038658601,2010-08-10,"Privada Guerra 161 Interior 572, San Germán los altos, DGO 98945-1975",096-360-1400,1e:a7:0a:d1:85:cf,26.44.219.56,GB96XZDW1648398711458,2025-06-23 17:01:18,24486,710,368,1179513,eec4d3bd-42f1-4b98-887f-3991f32d33b1
Zacarías Claudia Salas Hinojosa,zacaríasclaudiasalashinojosa,zacaríasclaudiasalashinojosa@yahoo.com,44130108937,1941-04-18,"Circunvalación Tirado 120 Interior 801, San Vanesa los bajos, GTO 96640",1-205-261-9482x0585,96:de:9e:74:34:30,15.159.36.237,GB70APZM9899144033885,2025-06-23 17:01:18,10300,388,423,1374899,93c27ae6-45a2-48a7-84c2-1e480cf09c6d
Ing. Yolanda Pelayo,ing.yolandapelayo,ing.yolandapelayo@gmail.com,40476896689,1975-10-30,"Circunvalación Sur Castillo 336 176, Vieja Bhután, OAX 28654",126-136-8736x730,34:40:0e:50:4b:3d,116.23.249.234,GB42ONRC9379572627129,2025-06-23 17:01:18,32642,624,420,1162333,dee9d8fe-5be3-433a-bb9d-159b4ff24aca
Mtro. Pablo Márquez,mtro.pablomárquez,mtro.pablomárquez@gmail.com,20218656864,1996-01-22,"Eje vial Tuvalu 340 541, San Enrique de la Montaña, SLP 76841-7259",260.844.6093x98760,18:cf:36:de:16:eb,97.252.112.99,GB04VMPE8182149991669,2025-06-23 17:01:18,9894,817,703,1636482,80fbe281-d157-4782-a54d-9184789409df
Ing. Barbara Escamilla,ing.barbaraescamilla,ing.barbaraescamilla@yahoo.com,23496182975,1974-08-06,"Retorno Chiapas 073 Interior 373, Nueva Estados Unidos de América, BCS 08672",+73(7)7006618659,b4:41:3d:18:d4:6b,189.238.50.253,GB02BSJC4856574353325,2025-06-23 17:01:18,1880,535,520,1142787,92507f12-4dd5-439e-ba02-b43d02fd02af
Wendolin Antonio Candelaria Alonzo,wendolinantoniocandelariaalonzo,wendolinantoniocandelariaalonzo@yahoo.com,36338182227,1962-07-02,"Prolongación Camboya 474 Edif. 355 , Depto. 262, Nueva Kazajstán, CHIS 72470-4790",1-229-467-3101x38376,86:68:d6:5c:71:91,135.90.2.211,GB66NKBO1839336386961,2025-06-23 17:01:18,3113,948,580,477509,4625e6fd-3202-42e2-8da0-f073fb5e8976
Noemí Santillán,noemísantillán,noemísantillán@yahoo.com,53345440142,1977-07-05,"Peatonal Carrillo 613 Interior 356, Vieja Ecuador, Q. ROO 79951-8119",(091)575-0695,8e:81:fa:f6:8e:19,151.141.31.50,GB13XLLA0288823846092,2025-06-23 17:01:18,35422,433,381,551093,90110a15-25c2-4668-9fbe-343e39207e88
Pablo Haro,pabloharo,pabloharo@gmail.com,20565812235,2022-03-21,"Retorno Sur Manzanares 722 Edif. 040 , Depto. 891, Vieja República de Corea, VER 56314-8375",(567)804-9864x65800,9c:a2:59:cb:a6:a7,180.170.80.40,GB49RSWB8865818391782,2025-06-23 17:01:18,11475,308,173,1079983,da4edbc9-8bac-49d3-9e30-d95e3f65ada1
Alvaro Leticia Chavarría,alvaroleticiachavarría,alvaroleticiachavarría@hotmail.com,44609081417,1932-11-27,"Callejón Quiroz 152 Interior 250, San Lucía los bajos, VER 68565-0191",086.386.8505,a2:18:81:ae:fa:85,50.109.239.129,GB07ZAWR1086977271441,2025-06-23 17:01:18,29393,683,535,954909,28790424-9211-4440-b8ba-7454cf0f68d9
Lucía Jaime Bernal,lucíajaimebernal,lucíajaimebernal@gmail.com,26259173362,1980-05-26,"Avenida Campeche 215 Edif. 695 , Depto. 463, Nueva Rwanda, COAH 76774-2818",1-813-532-2337,04:0f:85:38:d4:d3,171.42.171.159,GB92ACLO1776078335245,2025-06-23 17:01:18,18160,114,633,954975,c050f2a9-53f6-473b-b862-07584b257b73
Dr. Débora Venegas,dr.déboravenegas,dr.déboravenegas@gmail.com,95840586762,2023-11-28,"Boulevard Sur Canales 247 701, Vieja Burkina Faso, CHIS 21463",(614)596-8791,a6:d1:fe:86:a4:40,183.110.81.178,GB29OYXL1962734156156,2025-06-23 17:01:18,33013,985,148,1753264,51fceedd-6971-402d-bfa2-056e5d96cfb2
María del Carmen Lemus,maríadelcarmenlemus,maríadelcarmenlemus@yahoo.com,52934836702,1977-08-13,"Boulevard Bosnia y Herzegovina 534 Edif. 557 , Depto. 430, San Luz los altos, QRO 99046",815-691-8166x42749,52:cc:ab:25:b5:cb,37.158.251.117,GB24USIW0456805653533,2025-06-23 17:01:18,20374,673,62,1954463,e20a1028-5d83-4308-8f50-ad0f17ef1452
Lic. Ángela Sierra,lic.ángelasierra,lic.ángelasierra@yahoo.com,76342598612,1967-03-17,"Retorno Portugal 624 Edif. 671 , Depto. 612, Vieja Estonia, CHIS 88142",509-516-5282x058,90:11:f2:5a:b5:22,131.67.58.251,GB06IDZE4596530800840,2025-06-23 17:01:18,6424,16,292,1933222,68327079-3c27-4bcb-978d-c139cd37ed00
Carla Ulloa,carlaulloa,carlaulloa@yahoo.com,77255515882,1997-11-10,"Prolongación Quintana Roo 379 Interior 019, Nueva Bahamas, Q. ROO 70114",06277202573,ec:b3:4c:90:c4:9b,188.47.102.133,GB08DWYD9519129018119,2025-06-23 17:01:18,10589,737,531,1142379,d7c92981-81dc-47f9-a9be-f6a476efcf45
Rafaél Aragón Olmos,rafaélaragónolmos,rafaélaragónolmos@hotmail.com,86439244731,1956-06-29,"Pasaje Urbina 787 466, Nueva Bahamas, HGO 87999",(529)606-8497x224,ca:d2:15:74:d5:40,196.216.217.35,GB68UWJX2805284374785,2025-06-23 17:01:18,25373,428,203,424666,2f16267c-cd9e-42c1-bead-55a35961913f
Beatriz García,beatrizgarcía,beatrizgarcía@hotmail.com,1548117454,1941-12-24,"Pasaje Tuvalu 474 590, San Caridad los bajos, YUC 16189-0319",+88(6)4185885299,6c:6f:31:e2:3c:0b,46.79.240.96,GB94NGNB7833876313873,2025-06-23 17:01:18,4364,667,383,1953146,9efdcfbc-b484-43e0-9cbd-e85f9cf84b39
Laura Benavídez Jaime,laurabenavídezjaime,laurabenavídezjaime@yahoo.com,69775525020,1961-10-07,"Calzada República Centroafricana 656 Interior 374, San Concepción los altos, CHIS 24075-3684",07110180161,46:36:5f:6d:1b:77,107.239.20.106,GB68GFGS0963874081137,2025-06-23 17:01:18,34194,764,675,1440014,88efd492-10e5-4a84-8b38-a38b77a9f969
Luis Manuel Marisela Bustos Bueno,luismanuelmariselabustosbueno,luismanuelmariselabustosbueno@yahoo.com,74824458223,1942-01-21,"Eje vial Coahuila de Zaragoza 837 Edif. 824 , Depto. 150, San Samuel de la Montaña, TLAX 34930",356-772-7520x0575,e2:85:dd:27:7b:4a,159.154.101.141,GB51KGNX8361280431527,2025-06-23 17:01:18,27860,993,239,870975,88eb17a5-a537-440a-a84a-b9ec2ce9dded
Lorena Olivas Osorio,lorenaolivasosorio,lorenaolivasosorio@yahoo.com,30053315484,1992-05-13,"Pasaje Tello 531 364, Nueva Guatemala, MEX 39930-7394",321.073.0244x7166,00:53:8b:17:9e:86,161.202.57.81,GB73RLWA8935354413516,2025-06-23 17:01:18,29309,411,546,1415214,ae870738-a02d-49f1-8012-f4cff7440e47
Sr(a). Elias Mateo,sr(a).eliasmateo,sr(a).eliasmateo@yahoo.com,51892761753,1975-03-25,"Peatonal Guerrero 783 Edif. 386 , Depto. 219, Nueva Jordania, NL 04565-6523",575-814-7702x53095,88:10:ae:2a:94:b6,43.17.227.43,GB47ABEU6646856563922,2025-06-23 17:01:18,846,245,59,997228,98c680a5-9de2-4bd8-a0c9-de0f463790ad
Adalberto Nadia Cardona,adalbertonadiacardona,adalbertonadiacardona@hotmail.com,41607699059,2009-12-31,"Calzada Marroquín 323 730, Vieja Egipto, DF 14067-8019",242-834-1166x83339,98:b6:fa:a1:34:f5,45.9.65.100,GB31JMTF0376718463196,2025-06-23 17:01:18,4026,452,90,128359,4d5606d6-adc0-4109-97c8-6564747bfff1
Aurora José Emilio Correa,aurorajoséemiliocorrea,aurorajoséemiliocorrea@yahoo.com,53487157967,1981-06-23,"Calle Morelos 567 334, San Caridad los bajos, ZAC 29739-2879",859.301.5007x60559,52:04:17:8e:01:b8,126.203.118.35,GB64JFOV2302663269747,2025-06-23 17:01:18,1848,463,346,562423,580d9a33-3db7-46c4-8241-137ae4dd8d06
Rolando Partida,rolandopartida,rolandopartida@hotmail.com,30080602607,2000-12-17,"Ampliación Bulgaria 162 404, San Alejandra de la Montaña, TAB 46300",882.548.5238x13688,5c:7b:18:c4:7d:84,94.206.152.136,GB70IPNQ9981170380715,2025-06-23 17:01:18,23093,302,768,744355,110f224a-7d5f-4e39-ae07-73cdfd2700ac
Lorena Heredia,lorenaheredia,lorenaheredia@hotmail.com,8949040565,2019-03-19,"Retorno Singapur 558 Interior 228, Nueva Mongolia, CHIH 14981",128-933-4051x787,54:6d:bf:a5:7c:03,70.237.249.216,GB70MZLC8001306018773,2025-06-23 17:01:18,23251,486,291,1047592,059a7de4-4911-48d9-a9f9-e628160fe299
Esparta Arredondo,espartaarredondo,espartaarredondo@hotmail.com,71351481420,1941-03-21,"Corredor Sur Vallejo 355 Edif. 779 , Depto. 126, Nueva Bolivia, GRO 20297-7513",04397359806,e8:f2:e2:f4:aa:4b,223.145.231.227,GB12AIYM5178343613010,2025-06-23 17:01:18,2193,52,647,1393010,5011fdf5-2354-4d70-ad68-a91c4d97cffb
Lic. Daniel de Jesús,lic.danieldejesús,lic.danieldejesús@yahoo.com,99079885150,1920-11-06,"Ampliación Chipre 405 Interior 277, San Emilia los altos, QRO 23417-4742",(387)721-8177x983,2a:3f:e8:0b:97:b4,160.60.210.161,GB47YQKJ7029567864237,2025-06-23 17:01:18,13662,418,676,1475167,38cf6653-9b00-4c17-baf8-3618e0593e4a
Hilda Estévez Madera,hildaestévezmadera,hildaestévezmadera@hotmail.com,49929143219,2016-04-24,"Corredor Arce 140 Interior 875, San Silvano los bajos, CAMP 42395",1-671-559-0754x869,16:04:19:ca:7c:b4,208.36.18.230,GB05TDVR1365095561997,2025-06-23 17:01:18,6280,233,471,419108,f8fc0277-a6ee-4d62-9da5-fa28e4608ea0
Fidel Aldonza Guajardo,fidelaldonzaguajardo,fidelaldonzaguajardo@gmail.com,36631222993,2021-05-02,"Avenida Sur de León 659 537, San Evelio los bajos, DGO 14408",+09(3)0300832876,a4:39:27:63:b3:f5,195.235.121.0,GB86MQQF8439890169966,2025-06-23 17:01:18,11297,755,170,95523,03d1efb0-2c20-4fcd-9e73-6ebf3ada6842
Lorena Benjamín Flórez de León,lorenabenjamínflórezdeleón,lorenabenjamínflórezdeleón@yahoo.com,94874878815,1916-11-25,"Cerrada República Checa 142 369, Vieja Etiopía, Q. ROO 71117",(179)886-0376x38489,c0:27:a0:f8:4b:b5,138.225.179.17,GB35UGFU1455907212843,2025-06-23 17:01:18,19806,894,348,923648,595325b8-9724-4eb4-9477-70821337f3dc
Gerónimo Montalvo,gerónimomontalvo,gerónimomontalvo@gmail.com,13457537788,1990-06-02,"Circunvalación Norte Ulibarri 615 152, Vieja Malawi, TAB 79915-6313",414.675.5406,c0:3d:fc:0a:a4:21,158.186.184.74,GB88YPUS8673997590873,2025-06-23 17:01:18,15874,247,460,385072,6a34ec78-fcb1-4e20-bf0d-eb83c0ab8aef
Benito Lovato,benitolovato,benitolovato@gmail.com,5054627905,1998-11-25,"Diagonal Burkina Faso 820 Edif. 769 , Depto. 365, San Diana los altos, CAMP 39622-1173",05693396149,b0:7c:a8:14:71:00,85.130.36.168,GB88HZIX1715418012259,2025-06-23 17:01:18,18278,596,54,1130035,53d13ee4-515a-4911-ab29-15f04cfde10f
Lic. Leonardo Arevalo,lic.leonardoarevalo,lic.leonardoarevalo@yahoo.com,51465580762,2010-09-14,"Eje vial Sinaloa 062 Interior 817, San Aurora de la Montaña, MEX 32682",+67(4)3478295405,a0:93:17:9c:ae:22,104.14.89.57,GB20HCDS5071067761593,2025-06-23 17:01:18,17475,963,171,543947,96a7ffeb-f815-4791-a66d-a8ab065609b6
Darío Carrillo Escobedo,daríocarrilloescobedo,daríocarrilloescobedo@hotmail.com,91641331920,1951-02-15,"Circunvalación Norte Razo 128 847, Nueva Haití, MEX 19432-7748",+67(9)2708154612,08:33:63:9c:a6:b1,219.235.0.7,GB71RHAD1532570046897,2025-06-23 17:01:18,33579,970,712,868234,1237985e-0ad5-4955-b849-db4b0abeeca6
Mtro. Gerardo Ocampo,mtro.gerardoocampo,mtro.gerardoocampo@hotmail.com,14040342470,1925-12-01,"Calle Valencia 621 Interior 182, San Judith de la Montaña, GTO 62243",08494553366,98:91:42:e4:16:7e,58.241.215.49,GB04LFAY9328190844157,2025-06-23 17:01:18,6884,501,363,1775393,d7c54dce-9ea0-468d-9c86-ff37243b1dfe
Fidel Macías,fidelmacías,fidelmacías@yahoo.com,9804515642,1960-01-14,"Boulevard Niger 676 Edif. 618 , Depto. 542, San Diana los bajos, CHIS 56110",604.367.7270x6948,ae:1c:c9:ea:18:39,29.106.170.16,GB26GXDJ1897689297218,2025-06-23 17:01:18,14862,50,714,1019148,dd38f597-e686-40e4-8ee9-0546befb88b5
José Carlos Abril Saldaña Ocasio,josécarlosabrilsaldañaocasio,josécarlosabrilsaldañaocasio@gmail.com,15585714841,1968-05-25,"Boulevard Sur Pelayo 671 365, Vieja Polonia, NL 99288-7195",623-853-6084x3294,28:70:d0:93:61:c7,143.57.184.60,GB21HDRT3300259758595,2025-06-23 17:01:18,8918,398,628,453749,2729f1dc-c5c4-4837-a199-e150d61b52bd
Hermelinda Asunción Cortez,hermelindaasuncióncortez,hermelindaasuncióncortez@yahoo.com,4389823743,1970-09-07,"Calle Acosta 660 675, San Linda de la Montaña, PUE 78739",(676)577-4697,e4:16:6e:54:9b:08,73.99.125.14,GB94EGSX3622545660746,2025-06-23 17:01:18,3705,281,404,503439,3b198223-8da9-4205-b6dd-c9fb790ce59a
Ernesto Segovia,ernestosegovia,ernestosegovia@hotmail.com,63364745982,2012-04-11,"Pasaje República Popular Democrática de Corea 306 Edif. 178 , Depto. 368, Vieja Omán, CHIS 34692",018-155-9170,f0:1a:fc:54:cf:4e,66.214.223.173,GB06AXOR5608187654701,2025-06-23 17:01:18,28176,60,704,648252,47c5a277-0055-44cd-a655-d56c24861765
Anabel Israel Rubio Patiño,anabelisraelrubiopatiño,anabelisraelrubiopatiño@hotmail.com,14022359427,1997-04-13,"Circuito Alfaro 197 Interior 437, Vieja Letonia, BCS 65860",04695565811,08:ce:f5:f4:6a:cb,165.126.228.49,GB17FAAU1661421136670,2025-06-23 17:01:18,6683,315,619,1830989,fb101ef9-31f0-4648-8ac3-4643be6e7617
Gregorio Rodarte,gregoriorodarte,gregoriorodarte@hotmail.com,17106278835,1974-11-22,"Ampliación Panamá 006 Interior 804, San Nelly los bajos, NAY 09038",04266141853,96:da:84:4d:ae:c6,176.228.80.91,GB94MZMZ9915531698259,2025-06-23 17:01:18,24501,690,56,1080104,bd09f7ed-ad57-48d7-99e2-02ab21d67d36
Margarita Sanabria Treviño,margaritasanabriatreviño,margaritasanabriatreviño@yahoo.com,51423139719,2000-05-05,"Circuito Campeche 011 Interior 060, San Óscar los bajos, TAMPS 97878-5913",(884)228-8021x775,a8:dc:6b:54:3c:e3,30.59.86.37,GB81KFCW3839451049106,2025-06-23 17:01:18,4267,512,552,1141001,25a07e76-0bc5-4477-a26a-c009453380ec
Rebeca Contreras,rebecacontreras,rebecacontreras@gmail.com,60179806975,1933-04-15,"Continuación Molina 464 715, Nueva Portugal, COAH 24120",(729)713-3310,00:ce:93:47:81:88,219.186.141.2,GB69ZMPV4955057075342,2025-06-23 17:01:18,6026,873,305,1768120,37313b6e-0171-430a-987a-64195ee2531e
Claudia Quesada,claudiaquesada,claudiaquesada@yahoo.com,3480517857,1998-01-31,"Avenida Guerrero 062 Interior 217, San Cristian los bajos, Q. ROO 47094-1055",(403)055-6489,22:9e:5d:4a:f8:51,113.254.117.1,GB73LZHR9020552075179,2025-06-23 17:01:18,30274,304,755,1698732,35c47617-1016-41c1-bf24-63d8cd636c2d
Laura Lira Nájera,lauraliranájera,lauraliranájera@gmail.com,53163367559,1977-03-17,"Continuación Sur Cruz 297 Edif. 957 , Depto. 321, San Carmen los altos, QRO 75325-8842",1-288-545-6656,3c:3d:8c:32:61:23,187.245.128.88,GB02NYNQ5989258392838,2025-06-23 17:01:18,5133,293,284,255088,6ee7da4f-3789-450b-8bd2-d99b16b75548
Cristina Lozada,cristinalozada,cristinalozada@yahoo.com,56614606434,1955-08-30,"Peatonal Oaxaca 863 Edif. 616 , Depto. 397, Nueva Burkina Faso, YUC 25764",058-435-8563x8471,d2:a3:26:1e:65:90,132.38.4.214,GB41HNGU1941437911285,2025-06-23 17:01:18,4311,927,181,1520155,4c9316c0-2556-406d-813d-2302ce77cfe0
Benjamín Yeni Caldera,benjamínyenicaldera,benjamínyenicaldera@yahoo.com,12604549332,1957-10-17,"Callejón Norte Ontiveros 249 Edif. 774 , Depto. 207, San Gilberto de la Montaña, CHIS 65912",127-703-3305x080,04:9c:10:6f:ad:3a,74.165.26.143,GB66AIGY8290620830636,2025-06-23 17:01:18,8259,10,428,1398728,bc7d4b94-4647-4f34-9e6b-5bc30a175689
Ricardo Carolina Carrión,ricardocarolinacarrión,ricardocarolinacarrión@yahoo.com,3668279569,1980-10-14,"Avenida Muro 397 001, San Marisela los altos, MEX 81737",946-711-6570,0a:c2:2a:02:68:40,58.27.98.43,GB16PGJC3204317264108,2025-06-23 17:01:18,21658,849,44,216573,70fb99f3-ef99-45d9-bef8-6aed35afd822
Pascual Cisneros,pascualcisneros,pascualcisneros@gmail.com,45888636821,1953-06-24,"Periférico Eslovenia 263 736, Nueva Venezuela, BCS 76253-4439",1-750-483-7721,fc:22:12:5e:b5:8b,221.20.121.244,GB48IEDE8579830981882,2025-06-23 17:01:18,5312,850,35,327617,cd0f23fd-100e-4f65-8244-f5b0f7c709ce
Inés Esperanza Cadena,inésesperanzacadena,inésesperanzacadena@yahoo.com,77991738913,1936-09-30,"Avenida Bangladesh 429 092, San Eloisa de la Montaña, DF 48273",370.062.7640,8e:91:45:9f:d9:a2,213.135.167.67,GB46AMVP5611764628248,2025-06-23 17:01:18,28337,646,73,1233121,01ea1a81-915d-4e86-8424-62c4fd3b4808
Marisol Cabán Lomeli,marisolcabánlomeli,marisolcabánlomeli@yahoo.com,55477620367,1997-09-11,"Privada Tamaulipas 565 Edif. 497 , Depto. 228, Nueva Kiribati, AGS 74220-2135",931-560-7618,f6:5c:83:58:4a:19,109.154.114.97,GB14AJGG4020686911958,2025-06-23 17:01:18,10094,173,523,959544,49e6e9c2-5a22-4108-b1fc-a83ba3f1ef3e
Mauro Gerardo Solorio,maurogerardosolorio,maurogerardosolorio@hotmail.com,93883391307,1916-06-19,"Pasaje Norte Villalobos 307 Interior 538, Vieja Zambia, GTO 20388-5741",(719)248-4763x21356,72:6f:f8:92:72:64,219.147.74.3,GB18TRSO5503069231495,2025-06-23 17:01:18,22781,955,387,1577686,9080a424-0a7d-4a95-bedc-7bb66735ae8c
Alma Iván Ayala Camacho,almaivánayalacamacho,almaivánayalacamacho@gmail.com,55068652522,2006-01-16,"Ampliación Liberia 246 Edif. 500 , Depto. 613, Nueva Vietman, CAMP 87067",1-831-463-6147x29146,82:f0:7a:3a:eb:10,200.182.56.39,GB30EWLI7600756212809,2025-06-23 17:01:18,11162,980,161,1950808,5123d781-afb9-4a41-ac54-305fcdeb0ae6
Mónica Salcido,mónicasalcido,mónicasalcido@yahoo.com,89804476383,1984-02-29,"Ampliación Villaseñor 681 Edif. 565 , Depto. 084, Vieja Islas Marshall, DF 55222-4757",575.517.1450,bc:9e:7d:4f:9a:fc,154.228.77.16,GB39FVEC8024863475419,2025-06-23 17:01:18,17313,172,258,1480992,450549e7-6fe4-4ee3-8b98-7499660a9f66
Ing. Héctor Cano,ing.héctorcano,ing.héctorcano@yahoo.com,41814672592,1931-11-06,"Continuación Sur Casares 287 Interior 685, San Aldo de la Montaña, SON 71909-6018",1-306-251-7777x79671,18:8d:f2:9a:5d:46,156.25.43.226,GB15HVTC7039299134114,2025-06-23 17:01:18,4154,921,192,1842574,c9641453-19f0-41c5-a234-528dcb9c5da3
Cristina Ávila,cristinaávila,cristinaávila@hotmail.com,97121610915,1953-05-22,"Calzada Albania 217 Interior 268, Nueva Eritrea, SLP 69963",158-041-0076,24:c5:92:c8:3a:10,34.69.167.216,GB55AKZU7588219796370,2025-06-23 17:01:18,30657,929,460,1118895,6e9337ee-4825-47ef-b5a2-c303c2aa487e
Mtro. Elvira Tirado,mtro.elviratirado,mtro.elviratirado@hotmail.com,74794640446,1969-12-05,"Circuito Michoacán de Ocampo 315 Edif. 685 , Depto. 311, Vieja Azerbaiyán, PUE 05458",182.036.3278x65918,00:2e:28:a2:08:1b,183.201.13.202,GB75XQOS9169578407713,2025-06-23 17:01:18,30893,683,784,1698361,0d4c65e7-4ba5-41bb-91fa-ccaeb66dadf6
Sr(a). Silvia Valenzuela,sr(a).silviavalenzuela,sr(a).silviavalenzuela@yahoo.com,26235781155,2024-01-22,"Circuito Hidalgo 793 Edif. 764 , Depto. 352, Vieja Malasia, YUC 07624",686-379-6377,68:cf:2f:25:7d:54,67.212.220.49,GB76LRYP5249934394742,2025-06-23 17:01:18,23999,595,53,377917,9599a9fd-d53d-4e81-abc0-04f0d571cf37
Leonardo Olivárez Pineda,leonardoolivárezpineda,leonardoolivárezpineda@gmail.com,38759450703,1926-11-12,"Avenida Gracia 426 665, San Ernesto los bajos, JAL 50340-4430",(424)161-0852x384,e2:57:4a:71:82:96,213.83.75.94,GB39QVLW9023257518220,2025-06-23 17:01:18,22138,119,466,195572,9766e444-cda4-45e9-a335-515c392079dd
Magdalena Irma Concepción,magdalenairmaconcepción,magdalenairmaconcepción@hotmail.com,5592725252,1967-11-21,"Circuito Distrito Federal 360 Edif. 900 , Depto. 100, Nueva Islas Marshall, CHIH 66397-5095",1-482-371-1048x85752,aa:c1:ba:43:c0:db,19.245.172.145,GB96SKOJ2542731550982,2025-06-23 17:01:18,9238,728,65,1067064,dbd408e0-8e82-42aa-a109-8d99f527da74
José Eduardo Olmos,joséeduardoolmos,joséeduardoolmos@yahoo.com,64540512817,1970-12-13,"Continuación Zacatecas 911 470, San Adela los altos, NAY 67825",09065672974,82:a2:81:ca:1e:25,183.219.22.120,GB10KWRK3554438106329,2025-06-23 17:01:18,15578,353,482,374153,b518c2fc-d265-4989-b9e0-8f7503e15c61
Celia Rodrigo Tafoya,celiarodrigotafoya,celiarodrigotafoya@hotmail.com,51900694533,1998-04-20,"Calle Côte d'Ivoire 024 Edif. 532 , Depto. 589, San Rufino los bajos, AGS 20240",(105)341-5579x02433,da:9d:48:04:ab:c5,206.165.241.120,GB88XXKU5300673003911,2025-06-23 17:01:18,19430,768,446,1616304,bec37a09-52b5-4d43-b71e-62c3ceca3324
María José Rosa Trejo,maríajosérosatrejo,maríajosérosatrejo@gmail.com,35266310925,1979-04-23,"Pasaje Norte Briseño 929 896, Nueva Paraguay, TAB 02149-5244",1-307-997-0927,fa:51:54:ef:93:28,121.68.165.195,GB39STLP2450220501512,2025-06-23 17:01:18,24965,912,386,1621605,31476384-0239-430b-aa38-645221dbb5c7
Julio Micaela Colunga Macías,juliomicaelacolungamacías,juliomicaelacolungamacías@gmail.com,58003097860,2002-09-29,"Calzada Chiapas 844 Edif. 800 , Depto. 533, Nueva Suriname, YUC 94363-4190",(833)321-9047,52:73:15:5b:00:ea,191.144.18.180,GB03BRXG1385943154380,2025-06-23 17:01:18,1062,405,517,774776,0564a42c-e2df-48ab-bc92-e8afbdb4ab6d
Ing. Helena Merino,ing.helenamerino,ing.helenamerino@gmail.com,29547270719,1923-05-29,"Eje vial Hernandes 020 Edif. 914 , Depto. 499, Vieja Croacia, DF 13743-1105",(186)574-9963,a4:fc:c7:43:ad:e5,162.225.10.36,GB02FQUH8859936054888,2025-06-23 17:01:18,5912,804,413,812412,1b94b317-5708-4358-b156-37968c838e3c
Laura Colón Galarza,lauracolóngalarza,lauracolóngalarza@yahoo.com,74577208981,2019-08-05,"Calle Aguascalientes 105 627, San Wilfrido los altos, CHIS 89472",1-768-933-3018x8319,2c:1d:86:63:35:5d,78.149.200.16,GB97PQAZ8526221818070,2025-06-23 17:01:18,30056,587,625,750325,a6734dbe-5cd9-48dd-b2e0-e61a0741a3bd
Lorena Esmeralda Correa,lorenaesmeraldacorrea,lorenaesmeraldacorrea@hotmail.com,5884688135,1919-05-01,"Circuito Hidalgo 695 404, San Rafaél de la Montaña, MEX 60483-4326",(638)691-8562,ee:80:24:07:13:be,66.67.130.50,GB33KOYP0194931187164,2025-06-23 17:01:18,31586,489,557,1913095,86bb9279-7d52-448f-b23f-675d327acc62
Victoria Alfonso Gamez,victoriaalfonsogamez,victoriaalfonsogamez@gmail.com,64885170866,2021-02-10,"Circunvalación Guevara 015 496, San Abril los bajos, NL 84920-5441",582-113-6236x86554,74:b2:7a:be:fb:bf,54.220.97.11,GB63WJPH3548330919549,2025-06-23 17:01:18,21569,614,714,1660300,ac020029-fc50-4148-9004-3fd70af32072
Jorge Luis Zelaya Prieto,jorgeluiszelayaprieto,jorgeluiszelayaprieto@hotmail.com,99466360411,1916-12-25,"Pasaje Hidalgo 977 Interior 635, Vieja Jamaica, MICH 87044-3018",105.795.2446x035,22:b1:91:f5:84:a2,26.212.145.11,GB44GBTK3614755335872,2025-06-23 17:01:18,26856,410,179,1570277,a1a12eec-bd65-4d8e-821f-43150de0982a
Isabel Barrera,isabelbarrera,isabelbarrera@hotmail.com,46648245440,1938-02-22,"Viaducto Quintana Roo 485 Edif. 803 , Depto. 027, San Cristian de la Montaña, CAMP 14946",(948)425-5905x42242,1a:f6:1b:a5:64:5d,98.35.87.144,GB43COQZ4638889856242,2025-06-23 17:01:18,1301,398,681,1779489,743106d0-75cd-4a2a-bc66-5db94af0c085
Blanca Luis Miguel Aragón Ayala,blancaluismiguelaragónayala,blancaluismiguelaragónayala@yahoo.com,57422553149,2009-04-03,"Cerrada Tabasco 739 649, Vieja Sri Lanka, BCS 40239",102.365.6260x5648,e0:77:e6:79:4e:db,22.163.176.29,GB67KLVF9279078238070,2025-06-23 17:01:18,2358,263,742,1525113,523660bf-755b-4a9e-8831-cad8842f91c9
Norma Alonzo,normaalonzo,normaalonzo@yahoo.com,63849216534,2010-06-10,"Corredor Michoacán de Ocampo 446 Edif. 606 , Depto. 775, San Martín los bajos, OAX 61019-7579",867-133-7963x374,c4:ae:27:73:7d:e0,70.243.98.55,GB53XLOH0585554408416,2025-06-23 17:01:18,24233,179,116,1787510,923858d2-c1bb-4b2f-bf98-40d3a820cb73
Yuridia Andrea Serrano Archuleta,yuridiaandreaserranoarchuleta,yuridiaandreaserranoarchuleta@yahoo.com,63792886887,1911-08-18,"Corredor Sudáfrica 842 Edif. 162 , Depto. 497, San Anabel los altos, Q. ROO 70100-1760",1-835-678-0903,38:1f:58:e7:25:5b,56.206.44.119,GB30IILH5646839192705,2025-06-23 17:01:18,20864,348,584,1706547,a1215d8c-0297-4595-9976-bcae9afbfef1
Paola García Ramos,paolagarcíaramos,paolagarcíaramos@hotmail.com,13831936532,1975-08-20,"Diagonal Querétaro 292 Edif. 522 , Depto. 981, San Magdalena los bajos, SIN 30881",536.438.3461,a8:0e:0e:77:bd:9d,206.121.182.224,GB15HOGD1984496771078,2025-06-23 17:01:18,7408,84,783,360358,11ea88df-04d0-403c-8de3-1fb070f5a1f2
René Hermelinda Rosario Ochoa,renéhermelindarosarioochoa,renéhermelindarosarioochoa@gmail.com,50165998753,1912-07-05,"Avenida Camboya 561 Edif. 121 , Depto. 737, Vieja Reino Unido de Gran Bretaña e Irlanda del Norte, NAY 12033",207.147.8875x24259,e4:a2:61:b3:56:65,144.38.152.85,GB17ZBQG1698395630799,2025-06-23 17:01:18,14142,22,269,1084754,7d0f7426-514f-424a-bfd4-6bad64bd6891
Gabino José Manuél Rojas,gabinojosémanuélrojas,gabinojosémanuélrojas@hotmail.com,89817905501,1997-01-13,"Ampliación Saiz 029 Edif. 915 , Depto. 895, Vieja Perú, SIN 75068",942-585-5340x971,04:a8:8a:7f:7d:c3,25.108.203.60,GB49NRYH9964613565517,2025-06-23 17:01:18,16143,254,706,450895,6a30e7fe-aabb-4f7f-8081-b7b46ed32e1d
Yolanda Conchita Maya,yolandaconchitamaya,yolandaconchitamaya@hotmail.com,78689701312,1945-03-06,"Corredor de la Torre 661 Interior 335, Nueva Micronesia, BC 00628",1-587-029-7709x81145,d6:bd:71:57:d3:99,193.11.245.136,GB44MWCV3965861457934,2025-06-23 17:01:18,4967,932,306,1141684,3609dd27-73e9-4d96-8eb1-f858bc958316
Alfonso Méndez Puga,alfonsoméndezpuga,alfonsoméndezpuga@yahoo.com,65016207915,1999-07-23,"Viaducto Laboy 036 Edif. 748 , Depto. 975, Vieja Guinea Ecuatorial, MEX 42409-1529",551.295.6443x68934,20:72:03:f3:e7:7d,214.44.78.44,GB29YHTI6210440093113,2025-06-23 17:01:18,20400,331,710,873617,ea4a8c87-6ac2-487b-b811-ace79a428127
Leonardo Jacinto Polanco,leonardojacintopolanco,leonardojacintopolanco@gmail.com,21371146313,1930-05-15,"Callejón Sur Cantú 608 Edif. 157 , Depto. 348, Nueva Etiopía, OAX 47159-0507",(628)673-0481x30422,5a:b4:4d:0e:e2:f4,152.35.7.80,GB68UCXM7467399672277,2025-06-23 17:01:18,3968,47,748,1226935,5ab8258b-6f0f-4e28-964e-639e4e485b19
Luz Alvaro Villagómez Rodríguez,luzalvarovillagómezrodríguez,luzalvarovillagómezrodríguez@hotmail.com,68827276848,1940-09-22,"Peatonal México 402 Edif. 924 , Depto. 354, Nueva Suriname, NAY 08043",535-527-8040x97792,92:46:63:4d:52:6e,116.135.17.212,GB20SXSF7684712041122,2025-06-23 17:01:18,27314,768,100,1983473,106004df-497a-45f4-806b-6a28be8b55ad
Caridad Esther Tejeda,caridadesthertejeda,caridadesthertejeda@hotmail.com,89777953319,1948-01-14,"Circunvalación Chiapas 233 Edif. 783 , Depto. 127, San Leonardo de la Montaña, YUC 82461-6726",270-342-2952x7916,cc:d7:73:00:cf:d3,66.151.11.176,GB26HKCZ7626382832295,2025-06-23 17:01:18,24269,677,780,1048834,42b70bca-996f-4f37-a7a4-d1e1738d79c0
Dr. Gerónimo Barreto,dr.gerónimobarreto,dr.gerónimobarreto@gmail.com,94551619201,2009-11-25,"Peatonal Pedraza 670 755, San Adriana los altos, VER 47468-5566",1-048-552-5918x4782,ee:f9:23:63:21:63,36.243.189.235,GB58RDVM1028285734611,2025-06-23 17:01:18,17439,321,177,99818,7bbdc75b-da22-47cb-a4c2-952878c66f1a
Helena Karina Fajardo,helenakarinafajardo,helenakarinafajardo@yahoo.com,31609751602,1998-08-03,"Cerrada Lara 851 Edif. 751 , Depto. 120, Nueva Chipre, CHIH 77809",1-965-418-3905x61266,aa:8f:32:1f:01:18,119.156.63.207,GB62GXXU8689186367800,2025-06-23 17:01:18,32045,356,128,123631,930cdd90-77ea-4a69-8bfe-f67148b06619
Mtro. César Olmos,mtro.césarolmos,mtro.césarolmos@hotmail.com,63371906791,1956-08-28,"Circuito Norte Delgado 964 Edif. 205 , Depto. 393, Nueva Santa Lucía, Q. ROO 01077-6146",839-856-6893,ba:79:6b:59:ff:ac,214.204.150.107,GB41NLRT1201999940650,2025-06-23 17:01:18,21043,810,457,1587015,a4b5841d-66c4-4be6-95a1-009bd19783fa
Santiago Hugo Amaya Camacho,santiagohugoamayacamacho,santiagohugoamayacamacho@yahoo.com,87823993826,1919-09-26,"Avenida Luxemburgo 535 Edif. 576 , Depto. 983, Nueva Turquía, TAB 71598",828-961-2253x440,ae:bb:6e:45:d3:95,62.43.216.49,GB69BDRR3140559108407,2025-06-23 17:01:18,2268,855,155,356475,d6b1e68a-d3fb-4fb9-89b7-05fb7d3be683
Estela Josefina Apodaca Jiménez,estelajosefinaapodacajiménez,estelajosefinaapodacajiménez@gmail.com,41958202198,2002-01-22,"Calle Mora 386 Interior 489, San Jacinto de la Montaña, JAL 43572-7972",420-747-9528,90:74:bc:f3:19:82,153.180.83.29,GB96SFSS0960581398399,2025-06-23 17:01:18,14990,445,376,695175,26518a28-54d3-4342-9f13-fc95376c39d0
Mtro. Lucía Lucero,mtro.lucíalucero,mtro.lucíalucero@gmail.com,38641971387,1955-07-13,"Callejón Rodarte 542 Interior 665, San Sergio de la Montaña, JAL 65549-9717",1-533-075-0892x079,ce:18:ed:cc:ff:b4,42.37.129.8,GB29SIZA8801919590490,2025-06-23 17:01:18,14291,47,666,613262,5f44855e-8bcd-4063-89bd-7d6c1a6888c5
Amador Arturo Segura Santacruz,amadorarturosegurasantacruz,amadorarturosegurasantacruz@gmail.com,53744394148,1914-01-25,"Eje vial Gabón 284 Edif. 615 , Depto. 254, Nueva Zimbabwe, ZAC 44113",490-063-8470,82:d2:0d:c8:cb:3c,3.224.49.247,GB56QWPA2876605453400,2025-06-23 17:01:18,30196,245,624,1386145,0af59b6a-c684-4663-9860-26a9afc84c36
Sr(a). Renato Segovia,sr(a).renatosegovia,sr(a).renatosegovia@gmail.com,42255231005,1953-11-09,"Ampliación Pakistán 616 Interior 842, San Andrea los bajos, VER 06265-6900",+70(0)8335875019,12:42:84:cb:7d:c1,68.134.236.105,GB86MSJT5401083259380,2025-06-23 17:01:18,29378,339,416,791529,180c949a-f2dd-4a7f-a475-9ea138fa587a
Paola Sánchez,paolasánchez,paolasánchez@yahoo.com,94799951192,2020-03-02,"Viaducto Coahuila de Zaragoza 187 053, Nueva Niger, ZAC 53009",790.145.7195,c0:f3:98:62:15:f2,45.209.12.183,GB80GDUF1318853014254,2025-06-23 17:01:18,35870,496,101,932144,b2d0ce79-547a-4b97-91b5-7fc8a3bb827a
Dr. Jaime Vigil,dr.jaimevigil,dr.jaimevigil@hotmail.com,34076730786,1987-12-20,"Prolongación Norte Loya 317 351, San Silvano los bajos, MICH 92849-4983",802.076.9290x178,6a:b7:85:7b:47:03,132.184.107.249,GB48XCBN4821637845466,2025-06-23 17:01:18,29808,690,63,1913455,7c509596-205a-4fb8-88ba-4dfd80e0fa26
José Carlos Rivero Zedillo,josécarlosriverozedillo,josécarlosriverozedillo@gmail.com,92164899095,1993-05-25,"Continuación Baja California 238 721, Nueva Filipinas, COL 89842",(036)783-5184,bc:34:a2:1e:f4:0c,58.67.212.21,GB44GODM6047449945167,2025-06-23 17:01:18,19223,384,449,834200,542c4b6b-b1b3-475a-bd9a-eada6c505d1b
Sr(a). Socorro Garza,sr(a).socorrogarza,sr(a).socorrogarza@hotmail.com,79153034354,1922-01-15,"Privada Chad 785 286, Vieja Montenegro, BC 56078",1-364-066-0779x2510,e2:33:5c:a8:9c:03,216.109.146.247,GB13DPUY4975715708182,2025-06-23 17:01:18,35621,985,116,343212,1f1cdc67-da03-422d-876d-f521931a6476
Ana Luisa Valle,analuisavalle,analuisavalle@yahoo.com,98582191353,2002-09-27,"Boulevard Sur Nájera 912 Interior 292, San Carlota los altos, CHIH 85408-7416",1-747-847-2591x7404,ca:77:3e:eb:15:e1,220.19.140.173,GB84HTRZ2910318723131,2025-06-23 17:01:18,30097,753,430,378022,b230b5d6-b274-4b54-bd7a-ee442b5ff159
Adán Salvador Cervántez,adánsalvadorcervántez,adánsalvadorcervántez@yahoo.com,84543014991,1961-12-02,"Viaducto República Árabe Siria 169 Edif. 731 , Depto. 897, Vieja Panamá, NL 77660",+53(6)9456946693,5e:2c:1a:21:40:9d,108.189.18.157,GB98ZWHB4263386022621,2025-06-23 17:01:18,11852,803,151,558351,f57c5c35-f7a2-4afe-8720-5efb1903ff7c
Beatriz Colunga Leal,beatrizcolungaleal,beatrizcolungaleal@gmail.com,79485485019,1975-07-20,"Boulevard Rojo 962 171, Vieja Timor-Leste, COAH 55709-8034",(959)441-3630x9460,36:ca:b9:42:c4:3e,92.195.198.171,GB86PZFB3057055928949,2025-06-23 17:01:18,29363,693,71,889954,e7e8bf00-ba3b-4af3-a37a-96f1fd1d1d3d
Dalia Julio Tejeda Herrera,daliajuliotejedaherrera,daliajuliotejedaherrera@hotmail.com,72968583772,1982-11-24,"Ampliación Norte Tapia 932 Interior 796, San Minerva los altos, QRO 15325-1509",256-588-8007x29858,7a:83:53:3f:6e:27,42.105.233.225,GB39FUKZ1409859774744,2025-06-23 17:01:18,16402,817,420,1888208,b7dd9eff-7e50-4581-ac94-f4d7ff7a16a9
Gabriel Villegas,gabrielvillegas,gabrielvillegas@gmail.com,44801212778,1935-01-14,"Eje vial Letonia 261 Edif. 254 , Depto. 449, Nueva Islas Marshall, MICH 38170-5506",(957)965-8938x20488,1e:5e:d7:63:a3:ae,70.183.40.244,GB64OVCV4864552471051,2025-06-23 17:01:18,28436,700,567,252273,99fa4bd0-6b52-40ea-9460-f0ccc266449c
Mtro. Pilar Méndez,mtro.pilarméndez,mtro.pilarméndez@hotmail.com,91508486072,1946-01-19,"Prolongación Norte Valadez 664 959, Nueva España, SIN 08078-0744",(738)111-5173x42580,ae:5b:53:12:59:58,213.248.162.176,GB90VJNW2410443841872,2025-06-23 17:01:18,14078,233,509,1443886,62f1ece3-aee7-4624-bbbb-22b068f649fd
José Luis Salgado Moya,joséluissalgadomoya,joséluissalgadomoya@gmail.com,61091234536,1974-08-31,"Retorno Norte Heredia 194 Edif. 618 , Depto. 162, Vieja Suiza, MICH 26370-4520",211.324.9556,c4:f9:1a:84:95:22,176.189.39.89,GB92IVSS8884978917178,2025-06-23 17:01:18,2265,743,403,669883,957da78c-0c29-4703-a51c-ea0eb96ba5f5
Leonardo Gamboa Zayas,leonardogamboazayas,leonardogamboazayas@yahoo.com,6206763234,1998-11-20,"Avenida Reino Unido de Gran Bretaña e Irlanda del Norte 283 098, San Cecilia de la Montaña, SIN 91100",1-126-742-6989x37016,fa:c3:8c:6a:5e:a7,118.172.136.144,GB46ZOEP3418210614824,2025-06-23 17:01:18,29352,943,38,606876,a97f2f47-bf3d-4454-89df-fdd49663330f
Agustín Mojica,agustínmojica,agustínmojica@yahoo.com,42580179176,1938-08-24,"Cerrada Sur Salgado 889 Interior 008, San Noemí los altos, MOR 75105",00019182461,0a:5e:6d:d3:ca:2a,128.234.156.151,GB26WKSP3479343744601,2025-06-23 17:01:18,23027,385,297,1556976,2aec9493-9447-433f-b11a-2c8316930b29
Lic. José Carlos Archuleta,lic.josécarlosarchuleta,lic.josécarlosarchuleta@yahoo.com,11766779158,1986-05-21,"Continuación Quintana Roo 083 Interior 350, San Amelia los altos, CHIH 26585-7312",01306782721,e2:85:c5:c1:67:7e,152.90.159.158,GB39SVKQ0969370442137,2025-06-23 17:01:18,11144,140,156,423966,b86f2a32-bece-40c5-9027-15c5606540f6
Antonia Úrsula Espinal Zarate,antoniaúrsulaespinalzarate,antoniaúrsulaespinalzarate@gmail.com,91306091199,1968-04-28,"Circunvalación Guerrero 097 Edif. 956 , Depto. 288, San Estela de la Montaña, MOR 66863",785.363.3498x1040,aa:2e:a3:4a:ba:c3,222.159.164.95,GB25SJLF9133862502081,2025-06-23 17:01:18,22811,481,748,1322459,56db1453-e24e-46cd-afab-9f94a8abac48
Frida Modesto Badillo Naranjo,fridamodestobadillonaranjo,fridamodestobadillonaranjo@gmail.com,66352558093,2019-04-03,"Peatonal Tamaulipas 263 Interior 851, San Cristobal los altos, GTO 27226",(620)117-6837,fa:e0:e1:7a:a9:67,126.242.37.11,GB50ETGB3114246778051,2025-06-23 17:01:18,5538,876,135,1362423,cbb5768e-2ff9-4863-8105-85659341d1f1
Abigail Loera Estrada,abigailloeraestrada,abigailloeraestrada@yahoo.com,4046230878,1919-05-14,"Circuito Pakistán 122 Edif. 723 , Depto. 401, Vieja San Vicente y las Granadinas, HGO 64647-7071",(847)762-4199x60914,d6:82:a5:79:60:fb,192.123.158.229,GB94SOXL4643181222053,2025-06-23 17:01:18,598,871,217,1689758,1bdebc6b-007c-4b81-9079-56fcee433e0e
Mónica Zepeda Iglesias,mónicazepedaiglesias,mónicazepedaiglesias@hotmail.com,70691445897,2011-10-30,"Retorno Quintero 752 962, San Elvira de la Montaña, SON 10690-2907",1-881-899-2434x443,e8:4d:f5:68:ae:6a,107.105.191.23,GB54KUKW5977398231929,2025-06-23 17:01:18,3298,650,243,1711613,ad631a16-d469-4b42-bf8f-911a51edda22
Cristina Aguilera Meza,cristinaaguilerameza,cristinaaguilerameza@yahoo.com,15147339533,2000-04-23,"Prolongación Mendoza 408 Interior 054, San Pamela los altos, MEX 64482-7355",1-864-186-8054x5903,a8:7e:8b:9f:90:86,74.183.201.80,GB88RSKS9279904638225,2025-06-23 17:01:18,446,134,590,1269055,4e9946e0-eda5-4f0e-b641-24bce2790e2e
Irma Romo Jasso,irmaromojasso,irmaromojasso@hotmail.com,66561702284,1955-04-20,"Callejón Norte Lara 668 892, Vieja Guyana, VER 78225",838.348.6211,76:7f:cf:c1:e4:52,69.227.253.146,GB97PKKD6161754444981,2025-06-23 17:01:18,25694,792,571,1663614,f09432c0-5523-4270-9989-3f6a785fc911
Dr. Jos Osorio,dr.jososorio,dr.jososorio@yahoo.com,10053794763,1928-11-23,"Continuación México 848 497, Nueva Estados Unidos de América, MEX 89066-1067",920.590.0665x386,18:81:a3:ab:33:a2,55.202.207.112,GB68AVTC8935297406429,2025-06-23 17:01:18,1774,393,704,1508793,a09caa30-9ab4-4fa9-a4bd-9c2fd7633178
Cristian Elvira Matías,cristianelviramatías,cristianelviramatías@gmail.com,27061487669,1910-10-28,"Peatonal Norte Aguirre 154 Interior 743, San Pamela los altos, VER 46045-5911",+69(9)5684020281,90:e5:de:eb:9f:76,56.42.212.10,GB30JBRR4415456724588,2025-06-23 17:01:18,30258,534,335,1384805,d6d0b4cc-7d40-4142-8d77-674e275d1f13
Francisca Patricia Collazo,franciscapatriciacollazo,franciscapatriciacollazo@hotmail.com,74348253795,1999-08-06,"Continuación Durango 254 308, San Virginia de la Montaña, JAL 04501",1-300-005-3628x389,98:fe:b5:20:f0:d4,106.31.203.170,GB13TDCI6628207547814,2025-06-23 17:01:18,12595,17,436,1773734,21cf4ce6-c1e7-4349-b82b-9322d48b0eb6
Eugenia Jaqueline Téllez,eugeniajaquelinetéllez,eugeniajaquelinetéllez@hotmail.com,14443088316,1997-06-04,"Retorno Sur Rojo 160 Edif. 881 , Depto. 715, San Omar los altos, SON 48345-2346",1-958-804-1739x367,c2:66:2a:ff:e2:80,136.165.47.18,GB96RQEP9308783614466,2025-06-23 17:01:18,20438,331,218,1308449,cb1af377-2900-4aea-bba9-245cd23b7525
Cristal Serafín Muñoz,cristalserafínmuñoz,cristalserafínmuñoz@yahoo.com,35760472387,2021-02-17,"Pasaje Granada 985 929, San Evelio de la Montaña, Q. ROO 29368",08229709901,98:7d:4f:9c:c0:51,79.48.175.119,GB45BJRW3136700769218,2025-06-23 17:01:18,13692,889,321,1416895,0682c8a1-8824-4b08-bfcd-84b941cf56b7
Sr(a). Magdalena Borrego,sr(a).magdalenaborrego,sr(a).magdalenaborrego@hotmail.com,35971301904,1941-10-17,"Viaducto Sur Blanco 473 Interior 951, Nueva China, NL 40372",016-790-9171,a4:11:fa:47:6f:af,167.73.123.140,GB67BWWU9126321005122,2025-06-23 17:01:18,23351,498,383,1036858,2626d17a-4a4c-43b9-9679-104276928123
Mtro. María Cristina de la Fuente,mtro.maríacristinadelafuente,mtro.maríacristinadelafuente@hotmail.com,37794614984,2023-03-18,"Circuito Nayarit 699 Interior 223, Nueva Etiopía, DGO 08960",(373)146-3739,c0:01:5d:a3:e1:35,51.32.236.96,GB70BQJA6925575782936,2025-06-23 17:01:18,17771,768,142,1044734,c0499bb9-0db7-4452-bdcc-9c534f34dfb5
Eloy Rosario Segura Baca,eloyrosariosegurabaca,eloyrosariosegurabaca@gmail.com,60111778852,1920-11-02,"Peatonal Jalisco 577 499, San Gregorio los altos, TLAX 33209",05915612568,ae:96:29:25:ab:b9,81.85.130.162,GB23CNCD1540035958830,2025-06-23 17:01:18,12771,965,11,736005,3bdbaf5c-d76f-4580-ad5e-f182fba36d2c
Nayeli Rosa Cervantes,nayelirosacervantes,nayelirosacervantes@hotmail.com,54508472674,1919-05-11,"Corredor Sur Maldonado 220 Edif. 766 , Depto. 281, Nueva Guinea Ecuatorial, BC 66750",05523875275,ee:da:1d:da:02:76,53.99.55.2,GB95RSXM8125189427164,2025-06-23 17:01:18,28620,978,478,379027,2b69217e-ed01-43b3-9902-83c6153b4ed4
Ramón Lucía Toledo,ramónlucíatoledo,ramónlucíatoledo@yahoo.com,31873164656,1971-05-05,"Calzada Solís 687 Edif. 847 , Depto. 737, San Gonzalo los bajos, NAY 13406-4550",07296462897,f2:3a:0c:7e:a2:8d,61.244.100.210,GB60RHGC4482291172032,2025-06-23 17:01:18,14212,309,651,1969161,7f594155-39ed-4692-93b1-c174e39b0675
Sandra Rosales Coronado,sandrarosalescoronado,sandrarosalescoronado@gmail.com,44114904368,1944-10-07,"Continuación Sur Cordero 533 197, San Vicente los altos, NL 31507-3127",(549)066-7350,5c:2e:fc:b9:ca:42,110.139.43.8,GB85HFPN5264730288405,2025-06-23 17:01:18,9125,674,672,1152681,4c0ff25c-0aa6-4242-b1dd-9d6311d44fac
José Carlos Esquibel,josécarlosesquibel,josécarlosesquibel@hotmail.com,56348048408,1981-01-10,"Eje vial Rodríguez 048 Edif. 602 , Depto. 763, San Esteban los altos, CHIS 82490",274-538-0161x674,64:31:da:51:c2:f4,203.182.33.215,GB54KQII5931130850341,2025-06-23 17:01:18,29892,228,258,653118,c2e88aed-28f2-4fdc-b1d0-7cd8307d0b31
Ing. Miriam Véliz,ing.miriamvéliz,ing.miriamvéliz@yahoo.com,2654280110,1998-12-17,"Callejón Sur Pizarro 052 Edif. 050 , Depto. 059, Vieja Irlanda, AGS 99406-5310",(434)063-7525x37067,ea:8b:ef:08:9b:47,97.56.160.142,GB56VXVE0932440808775,2025-06-23 17:01:18,12907,584,227,709765,b6bfffc7-f011-4c0b-8ea7-7ccc7c885061
Marcela Nazario Véliz,marcelanazariovéliz,marcelanazariovéliz@gmail.com,53725167943,2023-03-19,"Ampliación Gómez 473 Interior 599, Vieja Austria, MEX 08748-1576",053-240-4867x533,88:ff:e5:c4:d7:83,156.174.163.86,GB50DHTE6507845259135,2025-06-23 17:01:18,17210,703,250,1445394,47691575-657b-44c8-87dd-3fe039b167cc
Cecilia Narváez,cecilianarváez,cecilianarváez@hotmail.com,76762922870,2010-02-07,"Andador Sonora 156 Interior 582, Vieja Grecia, TAB 99321-6823",(618)998-4920x717,80:c3:18:fd:8e:81,152.136.33.61,GB27KORI6642537693988,2025-06-23 17:01:18,34597,517,287,768947,aba2eb60-92d8-4f52-8d6f-ed89164c2de0
Sr(a). Rolando Espinosa,sr(a).rolandoespinosa,sr(a).rolandoespinosa@hotmail.com,6926399996,1934-03-21,"Eje vial Liberia 716 Interior 876, Nueva Sri Lanka, DF 83695-9254",(822)324-3928x9829,0e:dd:27:b3:03:05,76.146.152.238,GB82LCIX8204558007114,2025-06-23 17:01:18,22398,545,343,59065,433151fa-d32a-4497-84a2-ded0bd9d3faf
Benito Tafoya Collazo,benitotafoyacollazo,benitotafoyacollazo@yahoo.com,44515929634,1960-08-17,"Calle Reyes 503 Interior 506, San Celia los bajos, MICH 48680-4085",034-825-5999x58383,54:12:d4:ea:7e:81,61.38.179.252,GB56WPDM2249040974139,2025-06-23 17:01:18,21399,582,2,1602942,42cf7c83-f80e-480b-b6b3-7117a5a1df6c
Clara Yáñez Godínez,clarayáñezgodínez,clarayáñezgodínez@hotmail.com,89140992630,1957-02-22,"Diagonal Norte Fernández 757 999, Nueva Sri Lanka, GRO 69747-4354",191.316.2777x5537,e6:86:dd:cf:78:9b,29.168.27.170,GB51JEKF3221466732616,2025-06-23 17:01:18,28160,677,343,1577392,7e6f65d2-e3df-4872-a3b2-2805d241f4bb
Santiago Arteaga Guevara,santiagoarteagaguevara,santiagoarteagaguevara@gmail.com,54336498446,1985-12-29,"Viaducto Guerrero 200 148, Nueva Zambia, Q. ROO 86897",1-857-570-2858x460,4c:bf:95:d3:6e:48,11.26.135.207,GB12APXG6481884717512,2025-06-23 17:01:18,34716,390,191,530560,bbab05a9-ba27-4c6b-81ef-4e1c60c79aab
Eric Germán Villalobos,ericgermánvillalobos,ericgermánvillalobos@gmail.com,25615593248,1977-11-17,"Calle Puebla 269 436, San Liliana los altos, CAMP 58070-8544",1-554-942-1278x603,e0:aa:a9:40:33:4b,172.47.46.97,GB04QTPS0844133740294,2025-06-23 17:01:18,9963,788,591,623740,09ca7d08-4319-4d60-8f41-32d6c66eadec
Jorge Luis Farías,jorgeluisfarías,jorgeluisfarías@yahoo.com,69632335738,1910-05-18,"Calle Uribe 568 118, San Miriam los altos, GRO 49878-5659",040-487-4798x86562,76:84:76:34:b6:a8,199.42.119.132,GB92AFEV1084529847600,2025-06-23 17:01:18,15525,647,609,1780041,ae5fcbae-e9b8-4486-8375-1786d781fe2e
Juan Carlos Gerardo Borrego Tovar,juancarlosgerardoborregotovar,juancarlosgerardoborregotovar@gmail.com,47043024232,1918-01-30,"Prolongación Norte Carbajal 351 Edif. 763 , Depto. 230, Vieja Guatemala, MEX 92677-9231",726-010-3012x1469,9c:fb:35:d5:43:82,39.114.84.45,GB29PXMP2536417627163,2025-06-23 17:01:18,10627,655,497,1276934,7da4f6fd-90b0-4fc5-975b-c9403cb0c4ce
Alejandra Montaño,alejandramontaño,alejandramontaño@yahoo.com,45507343387,1926-08-08,"Ampliación Valdés 478 Edif. 430 , Depto. 009, San Asunción de la Montaña, NL 27374-8489",(394)177-5371x691,02:7b:57:da:6e:ad,208.176.245.255,GB06BVRG4015294946332,2025-06-23 17:01:18,4978,902,49,298574,9b1cb8af-551b-49e4-aec9-52e0d8cef9b4
Leonor Corona Otero,leonorcoronaotero,leonorcoronaotero@yahoo.com,14154995105,2008-09-21,"Periférico China 608 685, San Horacio los altos, GRO 52402",491-974-2182,de:a4:55:85:ad:90,111.200.85.3,GB56TDUR8282932075591,2025-06-23 17:01:18,19909,526,449,1149460,7ac5d925-5587-4968-9f3c-e7021fdd9897
Eloisa Carlos Roybal Cotto,eloisacarlosroybalcotto,eloisacarlosroybalcotto@hotmail.com,68064613513,1926-10-11,"Periférico Sur Iglesias 834 774, San Benjamín los altos, MEX 16864-9171",(380)346-4105x232,0c:64:3a:bb:3c:07,168.24.221.94,GB98QKPM7022950162185,2025-06-23 17:01:18,14925,242,383,593073,e7e053c6-6129-4072-babc-b0accaa08788
Lorena Polanco,lorenapolanco,lorenapolanco@yahoo.com,10993957215,1943-08-22,"Circunvalación Zambia 650 Edif. 971 , Depto. 286, San Alberto de la Montaña, ZAC 27250-0900",1-358-838-4864,8e:ff:44:f6:fc:9e,41.33.187.143,GB37PRYN5495841171885,2025-06-23 17:01:18,21702,676,246,121107,ac9d79e4-a802-413d-95a6-a47194acef2b
Mónica Sarabia Tello,mónicasarabiatello,mónicasarabiatello@hotmail.com,28043756841,1916-07-17,"Andador Oaxaca 255 Interior 475, San Zacarías los bajos, Q. ROO 13977",1-414-266-2939x09125,96:8f:f2:52:36:6a,70.140.231.165,GB34CMBE0325335724481,2025-06-23 17:01:18,21565,697,166,1883503,ef609cbb-a50a-42f8-995c-67ed719e0527
Mtro. Estela Velasco,mtro.estelavelasco,mtro.estelavelasco@gmail.com,12657394396,1990-01-21,"Circunvalación Bosnia y Herzegovina 216 Interior 666, Vieja Polonia, JAL 58019",891.607.8832,14:fb:03:a4:4f:43,3.109.22.13,GB08VSWZ7104036535645,2025-06-23 17:01:18,27923,206,263,771120,951e7225-1808-4b7a-a24e-081bd8a221b4
Marco Antonio Rentería Mascareñas,marcoantoniorenteríamascareñas,marcoantoniorenteríamascareñas@hotmail.com,57542856695,1975-11-25,"Andador Sur Polanco 878 Edif. 062 , Depto. 524, Vieja Micronesia, BCS 11675-7424",(893)145-5371,98:aa:34:a8:fb:f5,192.177.154.173,GB62WXPS5054024631779,2025-06-23 17:01:18,26058,677,371,835573,516a213b-0eba-4287-8e70-f2850eb629a4
Gonzalo Arenas,gonzaloarenas,gonzaloarenas@gmail.com,80991846579,1988-01-23,"Retorno Jalisco 401 Edif. 578 , Depto. 386, San Federico los altos, CAMP 90327",00812975358,ee:9c:59:a8:53:d0,162.47.169.168,GB22LTAH6999222044028,2025-06-23 17:01:18,30238,637,356,1474331,e7e6ea96-4b7b-49cc-a20e-6bcafca0fd85
Patricia Iván Ontiveros,patriciaivánontiveros,patriciaivánontiveros@yahoo.com,80958316814,1979-02-02,"Pasaje Sonora 939 560, San Alejandro de la Montaña, OAX 26113-3638",(772)577-2184x521,1c:07:e6:79:34:ac,126.254.37.82,GB63IDOS3982119807628,2025-06-23 17:01:18,21261,446,284,1602334,f7bd7a2d-8966-4832-9493-7bbf4353dcd3
Sr(a). Rosa Miranda,sr(a).rosamiranda,sr(a).rosamiranda@gmail.com,30084698155,1995-10-25,"Periférico Rodarte 079 Edif. 743 , Depto. 864, Vieja Jordania, VER 69674",032.822.4859,7a:22:c4:6e:1e:c9,174.60.0.14,GB87XGHQ6497847146487,2025-06-23 17:01:18,20727,829,578,236126,61d7600c-7715-4586-a6a6-5e0741eacfd0
Ing. Felipe Crespo,ing.felipecrespo,ing.felipecrespo@hotmail.com,10354884099,1969-10-05,"Andador Sur Quezada 623 Interior 008, Vieja República Unida de Tanzanía, SIN 37166",613.965.0332,9c:7a:9e:5c:9d:7f,7.160.214.72,GB94ZVIQ8025730936939,2025-06-23 17:01:18,866,77,153,388409,411957ab-8bda-4177-8a7c-43dd05d76e7c
Camila Ocampo Verduzco,camilaocampoverduzco,camilaocampoverduzco@hotmail.com,74548437206,1997-04-24,"Corredor Tlaxcala 769 Edif. 307 , Depto. 230, Vieja Omán, GTO 84459",1-088-929-0744x4301,a0:de:4b:d3:4b:07,175.133.217.199,GB62EPTQ3373607806348,2025-06-23 17:01:18,30321,938,555,168612,009f5bfa-1709-419c-87cb-6e2bf1b98be6
Helena Cantú Vélez,helenacantúvélez,helenacantúvélez@gmail.com,75767711791,1966-07-15,"Calle Durango 417 Edif. 664 , Depto. 366, Nueva Senegal, TAB 05331",731-875-9652x909,22:5d:be:c8:3e:f0,145.66.173.225,GB53ZACK6529234528858,2025-06-23 17:01:18,35321,173,630,203855,a904e9c5-ac94-4207-9d86-0f684091de2a
Jacinto Soria Páez,jacintosoriapáez,jacintosoriapáez@hotmail.com,53562714849,1914-02-12,"Avenida Uruguay 387 029, Vieja Francia, MEX 08094-6220",(723)696-4638,30:a4:f6:3b:70:74,97.49.134.189,GB66YMNL2742191230115,2025-06-23 17:01:18,31463,941,203,244588,a13a67aa-d3fd-4d31-9eba-6f3aa0edc23d
Sr(a). Darío Robledo,sr(a).daríorobledo,sr(a).daríorobledo@hotmail.com,81869320986,1942-04-03,"Andador Colima 474 Edif. 220 , Depto. 512, San Lorena los bajos, QRO 47286",05220315195,7e:4d:20:e2:a5:f4,25.101.252.75,GB11JXIZ8055911082770,2025-06-23 17:01:18,8797,814,603,707180,b510a569-816d-4135-82ae-2dc15d1efc5b
Cornelio Sáenz Guevara,corneliosáenzguevara,corneliosáenzguevara@gmail.com,56502711049,2020-05-16,"Viaducto Baja California 519 966, San Estefanía los bajos, NL 27039",811-973-4498x7287,72:bd:6a:7b:56:47,192.119.58.140,GB71UTQL1171007606622,2025-06-23 17:01:18,10097,662,290,1999074,6aedf518-e16d-4961-a7fd-82d2a0fd8a48
Dr. Salvador Ruelas,dr.salvadorruelas,dr.salvadorruelas@yahoo.com,46551941589,1917-08-17,"Avenida Chiapas 177 Edif. 328 , Depto. 394, San Miguel Ángel de la Montaña, HGO 40532",547.604.2844x98937,00:49:31:0b:ff:81,98.235.199.167,GB84CIZV9286611995570,2025-06-23 17:01:18,3003,260,103,854068,0fe25664-e731-4507-97d9-819aa9dbc578
Rebeca Velasco,rebecavelasco,rebecavelasco@gmail.com,92884242592,2004-12-01,"Continuación Dominicana 153 Interior 687, San Lorena de la Montaña, SLP 17522",1-171-048-3586,4c:4e:be:54:2e:b4,9.236.224.30,GB43OHYY1556668309248,2025-06-23 17:01:18,27731,541,608,1599512,badc3367-5cb3-4c2e-a15e-6902762773cc
Abigail Flórez Navarro,abigailflóreznavarro,abigailflóreznavarro@gmail.com,90980825690,1930-03-01,"Periférico Anaya 305 301, San Julia de la Montaña, Q. ROO 00189",1-196-330-2112,7a:8c:c4:49:6c:aa,2.214.127.154,GB74QAKE2558628095862,2025-06-23 17:01:18,23682,707,664,1764806,fc27ea6c-81ef-4a17-8d44-ae9b505f59b1
Dr. Trinidad Montañez,dr.trinidadmontañez,dr.trinidadmontañez@gmail.com,25920574875,2000-10-19,"Continuación Sinaloa 011 Edif. 210 , Depto. 473, San Timoteo de la Montaña, SON 19886",(369)325-2918x918,ae:4a:01:f3:d3:32,173.56.197.23,GB71QEWF3852529288335,2025-06-23 17:01:18,30470,182,88,385567,6e335605-76bc-4645-9243-809deddf26c9
Alma Palacios,almapalacios,almapalacios@hotmail.com,31711245345,1959-09-16,"Calzada Cortez 385 966, Vieja Cabo Verde, JAL 64816",(891)057-3268x54780,7e:56:6d:65:6b:1d,134.52.60.171,GB33JVGY5924482423254,2025-06-23 17:01:18,23150,953,13,1348592,98d1dde6-a547-48e3-b018-86d75e8e0959
Lic. Natalia Garza,lic.nataliagarza,lic.nataliagarza@gmail.com,62753677806,1953-03-26,"Calle Guevara 898 752, San Karla de la Montaña, OAX 08964-7891",1-597-454-3213,72:90:20:a4:33:b7,38.149.215.36,GB67QTFF1116865801294,2025-06-23 17:01:18,33595,91,698,731028,47448021-7c2a-427b-a105-36917e86fe54
Carmen Tomás Ulloa Lozada,carmentomásulloalozada,carmentomásulloalozada@yahoo.com,78954073157,1958-06-21,"Callejón Guanajuato 085 Interior 995, Vieja Eslovaquia, JAL 72582-8897",1-370-719-7642,cc:3b:e9:e5:08:c3,58.105.23.123,GB88MZRL9653474154638,2025-06-23 17:01:18,34169,78,230,724805,0eab9c70-447f-4f53-82b0-d1b88f77f04f
Hernán David Marín,hernándavidmarín,hernándavidmarín@yahoo.com,63610319939,1931-11-22,"Circuito Tayikistán 726 472, San David los altos, SON 10898-6645",(715)458-2515x350,02:5c:bd:3b:c7:94,174.170.191.38,GB20PWXF7174960117202,2025-06-23 17:01:18,28484,361,310,1056796,8265d623-de40-4a22-95e9-47153d5a356c
Elsa Rendón Castañeda,elsarendóncastañeda,elsarendóncastañeda@gmail.com,46140351639,1960-04-06,"Circuito Olmos 449 743, San Bernardo los bajos, ZAC 29505",482-017-6840x708,ac:57:c2:f0:ee:54,53.124.42.66,GB13MZIF8298566673914,2025-06-23 17:01:18,1575,185,166,1391753,9dba3775-6fa0-427a-94c5-e098d887224c
Oswaldo Leal,oswaldoleal,oswaldoleal@gmail.com,17771088774,1987-06-19,"Callejón Zacatecas 337 535, Vieja Mongolia, YUC 94539-5456",560.707.8985,3a:9c:76:8c:15:70,192.205.214.4,GB86LCKA5182106502198,2025-06-23 17:01:18,33962,746,59,674873,93020a98-7248-4022-a2a0-e346deb4db8f
Dr. Andrés Limón,dr.andréslimón,dr.andréslimón@hotmail.com,62348846916,2023-10-22,"Avenida Saldivar 884 Edif. 225 , Depto. 450, Vieja República de Macedonia del Norte, TLAX 47637",1-709-525-3042x8057,ca:ad:35:9b:be:39,121.125.27.223,GB85JSZF9176855195687,2025-06-23 17:01:18,31824,952,332,384170,e9ab1d26-d709-4745-99f0-fd5a46cc8b70
Abelardo José Emilio Hernández Bahena,abelardojoséemiliohernándezbahena,abelardojoséemiliohernándezbahena@yahoo.com,26400843699,1969-12-23,"Diagonal Maldivas 016 822, San Isaac los altos, CHIH 91550-6712",253-770-0010x9075,7c:78:78:1c:a2:59,79.96.145.174,GB49OEHY8565895372201,2025-06-23 17:01:18,18186,605,735,904567,75d9d095-b530-4f3f-9f3f-757a1b4429f3
Camilo Liliana Figueroa Nieto,camilolilianafigueroanieto,camilolilianafigueroanieto@yahoo.com,50151050775,1965-11-21,"Privada Rodarte 782 789, San Laura de la Montaña, MOR 05596",103-912-7737x3066,90:c7:67:41:14:81,173.138.51.136,GB36QTBW8042811437383,2025-06-23 17:01:18,33482,278,145,1319739,f31a0c99-0e2f-46d6-840e-3b0a8ad587e7
Itzel Estefanía Mondragón Alarcón,itzelestefaníamondragónalarcón,itzelestefaníamondragónalarcón@hotmail.com,34802674100,1928-02-16,"Calzada Norte Sandoval 030 Interior 186, San Rodrigo los altos, COAH 58943-9875",071-775-0547x71354,80:c2:8d:d5:0f:d4,70.200.26.191,GB72FNEK5483930564832,2025-06-23 17:01:18,19569,278,18,274880,a19d4518-a4ee-495f-91f4-0714ad1c481a
Mtro. Vicente Tejada,mtro.vicentetejada,mtro.vicentetejada@yahoo.com,26651144730,1985-10-26,"Prolongación Benavides 453 Interior 132, San Aida los bajos, BC 11220",1-437-885-5019,82:25:f1:5c:fe:01,196.249.118.223,GB76JCGD5627514813088,2025-06-23 17:01:18,27801,249,95,125273,385dab61-c5e5-4fa3-acf5-ad5aeefce460
Itzel Itzel Rentería,itzelitzelrentería,itzelitzelrentería@hotmail.com,10514662393,2012-11-07,"Periférico Guanajuato 156 Edif. 133 , Depto. 330, San Olivia de la Montaña, TLAX 29865",448.292.2572x515,98:34:50:7b:06:71,43.255.217.223,GB96BOIP4486044045039,2025-06-23 17:01:18,20990,299,11,267854,40ddbef8-5eda-47af-9b60-7e198fb9ccdc
Fabiola Solano,fabiolasolano,fabiolasolano@hotmail.com,40606861728,1983-11-25,"Callejón Malasia 530 Interior 229, Nueva Antigua y Barbuda, TAB 50367-7313",219.348.7023x43766,c8:c0:4c:91:10:d8,140.33.122.129,GB68XBSV0718038401832,2025-06-23 17:01:18,584,301,760,656388,dfffee30-f647-4bb7-a1dd-3a0e55e83850
Nelly Rosario Urbina Guevara,nellyrosariourbinaguevara,nellyrosariourbinaguevara@gmail.com,73369363764,1957-05-14,"Privada México 374 Interior 089, Vieja Chad, DGO 86871",07826451138,38:ef:46:da:c4:8a,17.189.166.69,GB84CXOX3275768155469,2025-06-23 17:01:18,18732,874,497,340918,f075923c-44c1-49a5-b3eb-256f61c54135
Delia Ariadna Díaz Altamirano,deliaariadnadíazaltamirano,deliaariadnadíazaltamirano@gmail.com,8847753061,1944-03-22,"Peatonal Belice 208 Edif. 417 , Depto. 908, Vieja Botswana, HGO 18596-7836",(878)568-6945,2c:07:93:f2:1e:4d,200.45.26.96,GB15QOOD1113661571266,2025-06-23 17:01:18,17553,189,241,6632,19d69477-5314-4b47-9c1e-a70bc4521861
Ana Corrales Barrientos,anacorralesbarrientos,anacorralesbarrientos@hotmail.com,40315203162,1912-03-10,"Periférico República Democrática Popular Lao 754 Interior 923, San Reynaldo de la Montaña, COL 03522",(285)499-6926x0625,be:b4:f8:52:39:b1,170.233.18.230,GB02DVZX7495327142112,2025-06-23 17:01:18,21522,157,49,469405,4656f30f-da99-40fb-9cbe-2769c96375d7
Fabiola Soledad Rivas Figueroa,fabiolasoledadrivasfigueroa,fabiolasoledadrivasfigueroa@yahoo.com,67384060421,1927-05-28,"Prolongación República de Moldova 857 Interior 919, Nueva Ucrania, BCS 43886-5715",581-120-0914x399,4e:86:1e:3e:28:21,25.207.14.47,GB30XYTT4688277272028,2025-06-23 17:01:18,27618,227,230,1143434,a33af757-1e1a-4780-9f08-31655c84f790
Sr(a). Ilse Rodrígez,sr(a).ilserodrígez,sr(a).ilserodrígez@yahoo.com,52478652960,1950-12-27,"Pasaje Zacatecas 084 Edif. 515 , Depto. 197, San Eugenia de la Montaña, YUC 29321",428-518-4009,14:3a:86:81:d1:5b,200.207.143.168,GB50WQXX5246736160941,2025-06-23 17:01:18,1222,880,259,1524394,5f630a0f-a8a5-4366-b738-09516e81a306
Enrique Torres Haro,enriquetorresharo,enriquetorresharo@gmail.com,79827317391,1929-06-27,"Callejón Francia 764 293, Nueva Bahamas, OAX 53174",(411)059-5103x51477,0a:e3:f5:b8:41:c2,20.54.88.149,GB93BIMF0637809401591,2025-06-23 17:01:18,2797,173,744,243713,23248297-cada-4303-9272-4a7390f600a2
Celia Flórez Abreu,celiaflórezabreu,celiaflórezabreu@yahoo.com,35136364771,2010-04-30,"Avenida Jalisco 853 Edif. 213 , Depto. 038, San Inés de la Montaña, BCS 74888-0922",1-768-632-0887,ee:11:b7:22:f3:63,136.92.203.164,GB58UTMR6778425125177,2025-06-23 17:01:18,26102,659,292,1179461,39073f33-e938-48b2-9f93-d014018d00c1
Conchita Úrsula Guzmán,conchitaúrsulaguzmán,conchitaúrsulaguzmán@hotmail.com,30956889692,2005-10-01,"Circuito Haití 102 Interior 378, San Oswaldo los altos, MICH 30854-0624",1-345-266-8264,70:68:c4:1e:b3:56,223.239.237.161,GB96DYXN5404321600287,2025-06-23 17:01:18,28314,291,157,607345,46e35c73-5690-4d5e-b335-2f6628285ca1
Mtro. María Luisa Hernandes,mtro.maríaluisahernandes,mtro.maríaluisahernandes@gmail.com,34646392810,1972-01-30,"Viaducto Quezada 156 006, San Mauro de la Montaña, OAX 96271",402.369.1247x3813,1c:2d:a5:01:4a:18,21.127.161.88,GB48LFRO9996085360377,2025-06-23 17:01:18,5733,419,459,1510446,471ab9c0-bd38-48a2-ae70-526a8ab5cbed
Jaime Viera,jaimeviera,jaimeviera@hotmail.com,62661193698,1972-04-13,"Retorno Norte Cuellar 324 Interior 599, San Violeta los bajos, GTO 77451-4955",964.405.5855x172,7c:25:ac:39:6f:ed,41.63.138.25,GB14EDAQ5171844588702,2025-06-23 17:01:18,18023,796,36,1855,79e178e1-d098-4d61-9905-f381fb3461fc
Beatriz Alejandra Castañeda Brito,beatrizalejandracastañedabrito,beatrizalejandracastañedabrito@yahoo.com,94061589399,1936-07-14,"Circunvalación Sur Dávila 282 Interior 495, Vieja Namibia, AGS 34951",012.651.6993,20:59:38:65:0a:85,209.38.221.57,GB37LXGF7168889286167,2025-06-23 17:01:18,34054,281,297,1202016,f56b95af-7a32-4de9-b7f0-848c5f6569c2
Araceli Judith Soliz Méndez,aracelijudithsolizméndez,aracelijudithsolizméndez@yahoo.com,97733813170,1954-06-19,"Circuito Qatar 813 338, San Diana los altos, MEX 08071",(448)172-6223x42093,9a:e2:b6:b6:44:07,30.209.158.99,GB35ZSFP8642546064969,2025-06-23 17:01:18,11478,10,743,1382970,871499fa-7f3d-480e-8097-b3d4e0c4a379
Ana María Bernardo Zayas,anamaríabernardozayas,anamaríabernardozayas@yahoo.com,85346940308,1974-07-13,"Circuito Puebla 390 Edif. 384 , Depto. 427, Nueva Kirguistán, MEX 87069",(526)032-4484x93037,d8:c5:2a:ee:88:76,11.120.30.232,GB64TAQO8474044115253,2025-06-23 17:01:18,28208,723,67,1321532,49df3d1e-a05a-4cce-98a7-fc017ae71f04
José Emilio Salma Miranda Quintero,joséemiliosalmamirandaquintero,joséemiliosalmamirandaquintero@hotmail.com,64226460364,2021-09-02,"Cerrada Norte Olmos 923 714, Vieja Congo, CHIH 07955",+31(8)2091198257,d2:9b:70:69:f7:c6,130.88.144.67,GB21EBUG9979229844458,2025-06-23 17:01:18,8091,142,240,1784490,406149cf-f2a1-4dd1-8db1-282c7dd73b23
Abel Alma Zamora Díaz,abelalmazamoradíaz,abelalmazamoradíaz@hotmail.com,41496398037,1982-07-19,"Calzada Norte de la Garza 779 725, San Aldonza de la Montaña, BCS 06218",1-318-479-7202x3727,24:d9:3f:b6:ac:ce,77.209.193.95,GB38XWOU8575977671975,2025-06-23 17:01:18,30700,788,251,1577231,975a5b22-0c31-4526-a764-a35365a99f47
Mitzy Francisco Roybal,mitzyfranciscoroybal,mitzyfranciscoroybal@hotmail.com,12761460083,1939-06-28,"Diagonal Norte Marín 360 Interior 601, San Reina los bajos, BCS 48711",1-019-561-4721x209,48:69:c3:f8:85:67,117.30.49.163,GB32IDNL7574858250998,2025-06-23 17:01:18,9877,896,15,1204844,d9fdffbf-2c39-4ddf-babd-d71e59703e34
Olivia Nieto Gálvez,olivianietogálvez,olivianietogálvez@yahoo.com,23897392884,1933-02-10,"Pasaje Mauritania 378 Interior 267, San Arturo los altos, CHIH 31191-0034",(776)481-5374,42:dd:38:09:2d:33,117.43.191.121,GB30TRWN1247892279198,2025-06-23 17:01:18,4755,216,246,400466,df943a9e-7319-4348-8aca-ce7660fa9d4f
Diego de Anda Castillo,diegodeandacastillo,diegodeandacastillo@gmail.com,27950816069,1935-11-14,"Pasaje Chihuahua 738 Edif. 405 , Depto. 154, San Violeta los altos, COAH 03233",946-023-8005,3e:e7:75:82:94:30,84.208.152.189,GB98LFVW5288375894084,2025-06-23 17:01:18,25287,226,25,687130,b7e0507c-20e1-44d6-b244-5f547617a088
Espartaco Ana Luisa Valle,espartacoanaluisavalle,espartacoanaluisavalle@gmail.com,8829263873,1936-01-28,"Circuito Tello 681 915, San Lucía los altos, PUE 39216",(469)909-1413x7846,70:a9:42:65:e7:a9,61.127.251.158,GB56BZFE3298531659249,2025-06-23 17:01:18,19636,578,112,1536914,60bfd9f4-1205-4c9d-9663-af694469ef32
Florencia Helena Bustos,florenciahelenabustos,florenciahelenabustos@gmail.com,9548543207,2014-06-04,"Boulevard Colima 983 Interior 526, San Irma de la Montaña, VER 33858-5687",828-007-7705,28:97:6a:86:85:4e,184.241.33.106,GB44MEMQ3537428591380,2025-06-23 17:01:18,28181,855,71,1463901,a3bc27c5-67cb-449b-bbe2-3654c11514cb
Lic. Soledad Canales,lic.soledadcanales,lic.soledadcanales@hotmail.com,58441323811,1948-06-07,"Retorno Varela 210 Interior 436, San Violeta los altos, VER 55778-6460",05762415003,2e:07:f5:28:c7:60,131.181.9.216,GB42DIGB4542908071228,2025-06-23 17:01:18,32251,784,484,997677,230eb225-6b21-4483-88cb-ae499631fccd
Débora Antonio Escobar Ocasio,déboraantonioescobarocasio,déboraantonioescobarocasio@hotmail.com,36220471373,1928-01-15,"Calle Guinea 077 Edif. 198 , Depto. 464, Nueva Burundi, DF 72090",641.083.8379,9e:1a:66:82:c1:a3,80.25.108.234,GB98TNXD4404121303551,2025-06-23 17:01:18,31674,540,253,1719757,198a8a2d-14e5-4907-9ae8-96f196503c6f
Mtro. Jorge Vega,mtro.jorgevega,mtro.jorgevega@yahoo.com,9021692398,1937-04-16,"Avenida Sur Bustos 235 457, San Zoé de la Montaña, SLP 65147-9528",(923)140-9009x073,ba:b0:7c:dc:fa:b1,188.8.137.17,GB56GFEB9680176398291,2025-06-23 17:01:18,21325,252,189,1395562,bcb47930-870e-4962-bff2-cb4148b82884
Esmeralda Cecilia Pantoja Aguilera,esmeraldaceciliapantojaaguilera,esmeraldaceciliapantojaaguilera@yahoo.com,6180444223,2005-11-18,"Boulevard Casillas 275 Edif. 524 , Depto. 080, Vieja Angola, MEX 40599",+28(1)0945020087,fc:75:c2:c8:62:2d,86.157.45.225,GB13EKWJ6454616854780,2025-06-23 17:01:18,30379,737,550,680503,de63e083-91ff-45f9-8c85-d8ce2dba77d7
Natividad Solano,natividadsolano,natividadsolano@gmail.com,55852784648,2012-11-04,"Periférico Norte Regalado 528 Interior 672, Vieja Etiopía, COL 91238",1-504-314-4134x400,1e:f8:98:b3:d5:6d,44.201.76.61,GB75YVJR4050238610178,2025-06-23 17:01:18,17130,791,714,731321,9d461ddc-e189-41f9-8cd5-81cd658dffe6
Ing. Zacarías Montoya,ing.zacaríasmontoya,ing.zacaríasmontoya@yahoo.com,89831151272,1963-11-07,"Prolongación Dinamarca 118 Interior 529, Nueva Burkina Faso, TAB 21653-7936",+78(1)0167889552,28:3b:f8:8c:63:3f,40.137.130.188,GB05RZGR0915910836174,2025-06-23 17:01:18,4663,570,618,1887335,4fe36547-8499-4546-9c25-eda65a567561
Mtro. Rocío Pabón,mtro.rocíopabón,mtro.rocíopabón@gmail.com,14195050514,1947-04-25,"Avenida Regalado 081 Edif. 810 , Depto. 139, San Úrsula los altos, BCS 47145-1858",(760)848-8913x99230,b4:48:92:db:8d:c2,133.12.96.112,GB13BIAT8287705830986,2025-06-23 17:01:18,10325,894,484,1104873,84191ffe-1bd1-4c05-9a85-d6446bbbf587
Lic. José Carlos Barrera,lic.josécarlosbarrera,lic.josécarlosbarrera@yahoo.com,2467000556,1971-12-06,"Andador Gallardo 983 Interior 951, San Ariadna de la Montaña, OAX 29483-6474",1-756-116-8386,ac:d5:df:e5:67:19,17.208.177.118,GB07QZDJ3194015764271,2025-06-23 17:01:18,25556,11,569,1311524,353245d5-71ae-4de5-afd2-75fcfa6939e5
Karina Fabiola Venegas,karinafabiolavenegas,karinafabiolavenegas@hotmail.com,99953921634,1953-03-05,"Andador República Checa 129 Edif. 896 , Depto. 855, Vieja Haití, PUE 22384-3990",1-383-541-0858,74:fb:77:cb:84:1d,33.107.57.123,GB75ADBJ3950941237948,2025-06-23 17:01:18,19663,705,308,1795139,b49a172b-ba11-488f-99c7-13cf92825001
Ing. Benito Razo,ing.benitorazo,ing.benitorazo@gmail.com,55916798022,1959-10-26,"Corredor Kiribati 433 872, San Sessa los bajos, TAMPS 51791-6180",04131432538,c6:57:45:06:a1:b3,154.15.196.164,GB55NMTN4937593450169,2025-06-23 17:01:18,25121,519,129,1995529,f891fd99-25a5-41fa-bcef-d4e0d4082864
Noemí Ortega Roque,noemíortegaroque,noemíortegaroque@gmail.com,22063055192,1941-10-23,"Boulevard Colima 461 Interior 008, Nueva Côte d'Ivoire, PUE 51728-5462",09285650664,ae:4a:86:dd:73:3f,55.113.32.110,GB16ABXF0276878191240,2025-06-23 17:01:18,34745,715,120,1604720,2f092f37-8111-4274-9f2e-85302abaa3bf
Mtro. Gabino Jimínez,mtro.gabinojimínez,mtro.gabinojimínez@yahoo.com,90550117270,1963-11-11,"Cerrada Polonia 587 Interior 832, San Clara de la Montaña, QRO 58293-8076",396-378-1810x0590,c8:eb:73:a1:e8:d0,114.119.230.169,GB48ETWF5028753456915,2025-06-23 17:01:18,27969,525,243,394384,29906970-bfff-408f-9ecc-9e922f5d6539
Jacinto Amalia Laboy,jacintoamalialaboy,jacintoamalialaboy@hotmail.com,52901330762,1982-04-18,"Retorno Burkina Faso 449 Edif. 119 , Depto. 772, San Indira los altos, ZAC 16660",(703)841-4855x31121,70:d5:6d:6f:c3:37,180.164.76.176,GB37OSEY7939803581349,2025-06-23 17:01:18,33225,531,104,822048,b0fd47a6-0908-4e8a-bf29-1b930c2218b3
Mtro. Ramón Irizarry,mtro.ramónirizarry,mtro.ramónirizarry@hotmail.com,23916389788,1939-11-02,"Eje vial Norte Esparza 215 483, Nueva Omán, QRO 11413",(920)850-1304x69163,74:0c:ae:6e:36:d2,130.8.245.130,GB41VMGH6692649406656,2025-06-23 17:01:18,1623,224,260,934721,e16de6fb-37c3-41c6-8eb0-fa6c45944fdc
Sandra Toledo Pichardo,sandratoledopichardo,sandratoledopichardo@hotmail.com,40490415011,1966-10-29,"Retorno Montes 396 Interior 801, San Rodrigo los altos, MEX 55962-3338",1-575-874-0562,28:59:2b:0f:af:6b,211.215.224.12,GB83PSIF4947729801705,2025-06-23 17:01:18,30251,731,48,1576523,a0f1aeba-743b-40b2-8946-ebeb169bb3d4
Serafín Cornejo,serafíncornejo,serafíncornejo@hotmail.com,31956590314,2009-07-25,"Circuito Iraq 031 509, San Eugenia los altos, SIN 21159-7311",(124)404-7623,56:8f:18:9f:b6:ea,70.64.29.237,GB13EKBF8400474338816,2025-06-23 17:01:18,28794,114,595,1744504,0ed1608b-c672-4026-9f6b-61fe044bfa3c
Karina Karina Quiñónez,karinakarinaquiñónez,karinakarinaquiñónez@hotmail.com,49221123067,1950-08-25,"Corredor Nayarit 541 Interior 367, San Estela de la Montaña, COL 13997-6623",(679)250-5862x08486,60:40:6c:23:55:05,217.16.197.6,GB65BPVU4053712406984,2025-06-23 17:01:18,29538,372,86,1481617,b478ae60-053c-4d12-98aa-bc5801c6f1d6
Martha Martha Sanabria Olmos,marthamarthasanabriaolmos,marthamarthasanabriaolmos@yahoo.com,62714011582,1912-10-29,"Corredor Espinosa 254 Edif. 629 , Depto. 443, San Julia los altos, HGO 57054",994.256.0591x978,2e:fe:10:d7:6d:9c,136.39.154.56,GB41ZGHL5371516585584,2025-06-23 17:01:18,11960,105,350,1656877,683ea06d-6f29-47a8-a557-468f1aab1f44
Bernardo Asunción Madrigal,bernardoasunciónmadrigal,bernardoasunciónmadrigal@hotmail.com,23038645869,1989-12-27,"Continuación Eslovaquia 648 757, Nueva Bahamas, DF 77015-2245",+36(0)8878112184,72:23:88:25:07:56,182.108.92.162,GB85DEZP9127199347663,2025-06-23 17:01:18,12753,720,731,1304295,fe31e5bf-a90f-4bf5-b1e2-5de7c133f9f7
Francisco Javier Marín,franciscojaviermarín,franciscojaviermarín@gmail.com,68150216239,1964-04-18,"Andador República Democrática Popular Lao 936 Interior 887, Vieja Turkmenistán, DF 14628",173.959.0375x226,46:6f:33:d2:a0:c4,47.12.151.200,GB52YJIH0375241942722,2025-06-23 17:01:18,29240,136,222,432994,3cb31714-614f-43d8-850e-a89e30fc507d
Margarita Jacinto Casas Zapata,margaritajacintocasaszapata,margaritajacintocasaszapata@hotmail.com,82010132973,1976-02-12,"Corredor Campeche 462 Edif. 648 , Depto. 013, San Martín los bajos, SON 38235",428.317.6735x23177,b2:00:e0:04:5c:af,138.194.129.118,GB89YYGB5822131212358,2025-06-23 17:01:18,14089,904,350,832199,5872989b-8aa3-41a4-b437-bf045dd91737
Mtro. Nadia Vaca,mtro.nadiavaca,mtro.nadiavaca@yahoo.com,26414319249,1912-04-22,"Retorno Sur Dávila 003 Edif. 809 , Depto. 771, San Camila los altos, NL 46147-1476",1-403-413-5480,9a:f2:fd:73:21:c8,164.105.217.104,GB95IQVD3111567051284,2025-06-23 17:01:18,17082,750,685,1062402,b6fbf434-fbed-484c-949b-310925b4ca96
Margarita José Emilio Casillas Ornelas,margaritajoséemiliocasillasornelas,margaritajoséemiliocasillasornelas@gmail.com,74536642668,2015-09-18,"Calzada Quintana Roo 668 170, Nueva Argentina, NL 41356-2205",256-027-2023x65230,f8:e3:c3:88:2f:e6,104.20.66.227,GB79RIGH8506319533555,2025-06-23 17:01:18,13392,312,199,1919374,340161c4-f4d4-4f72-b150-21dd1cb1a24c
Trinidad Amelia Peres,trinidadameliaperes,trinidadameliaperes@gmail.com,5352058191,2012-09-23,"Avenida Castro 756 Interior 646, San Olga de la Montaña, PUE 06977-8317",723-446-1804,d2:46:85:b8:76:f4,216.95.224.27,GB95FJRG9113574241493,2025-06-23 17:01:18,32707,984,678,934580,fcf93c63-e1c3-4b2a-bf17-0d2b329b6486
Linda Patricio Rocha Guardado,lindapatriciorochaguardado,lindapatriciorochaguardado@gmail.com,48720183184,1915-09-26,"Andador Rangel 649 Interior 164, San Aldonza los altos, YUC 87170-8446",+18(4)7084757302,30:a8:9c:a9:fa:9e,191.112.52.2,GB15SKKL0115327895597,2025-06-23 17:01:18,30885,998,150,967795,d3ff6eb8-f302-4d87-b97e-350692856e03
Lic. Modesto Ybarra,lic.modestoybarra,lic.modestoybarra@gmail.com,81476021597,1917-06-03,"Avenida Tamaulipas 400 Interior 950, San Cynthia de la Montaña, DGO 50121-7845",(467)426-5343x320,3a:0a:8a:7a:84:18,104.201.131.120,GB48ITAN0451062780887,2025-06-23 17:01:18,11911,405,729,1257604,e6bfb295-8499-428c-90c3-ab1b8d5bfd76
Mariana Tejeda,marianatejeda,marianatejeda@gmail.com,58471581536,1943-11-05,"Eje vial Sur Urías 156 Interior 086, Vieja Irán, SON 21057-5559",481-049-5773x23844,c6:a4:4b:6d:8b:3b,111.211.117.119,GB47TZNM8546508725933,2025-06-23 17:01:18,14316,63,185,1205716,71a82a1c-9fc7-42ca-813d-b7c9d9dc388a
Cristina Irene Zamora,cristinairenezamora,cristinairenezamora@yahoo.com,78121475376,1956-01-15,"Avenida Morelos 219 Edif. 802 , Depto. 606, Nueva Francia, CHIS 55072",837.576.0913x4036,4a:2e:12:d6:b6:76,60.187.106.126,GB67VSDO4220792621589,2025-06-23 17:01:18,33506,103,386,1004277,ed4986b6-e96a-44c6-9a35-3d3a2fbbd559
Lic. Daniel Palomo,lic.danielpalomo,lic.danielpalomo@hotmail.com,56747937672,1965-01-28,"Peatonal Morelos 403 751, Vieja Vanuatu, MOR 87636-8892",1-115-819-4405x774,52:a6:d3:01:3f:ce,198.109.175.83,GB58KSMO9996777808025,2025-06-23 17:01:18,9329,271,689,492135,76ee0df8-c3bc-4b6a-86b0-ae225489e0ad
Sr(a). Hilda Mares,sr(a).hildamares,sr(a).hildamares@gmail.com,28145854759,1975-08-19,"Circuito Hidalgo 634 Interior 493, San Salvador de la Montaña, VER 70353-9897",1-439-510-3664,80:69:b3:01:98:9d,207.118.90.87,GB10BVJP1439375929547,2025-06-23 17:01:18,21261,951,678,1618083,80ddb3c1-1aa3-4912-a6c4-e452da2ec1b5
Mtro. Aurora Archuleta,mtro.auroraarchuleta,mtro.auroraarchuleta@gmail.com,72494482747,1946-10-16,"Callejón Namibia 662 Edif. 264 , Depto. 673, Nueva Iraq, NL 52600-8378",213-753-5397x78246,1e:bd:a8:46:c3:08,143.38.76.3,GB20LNYC6606222920046,2025-06-23 17:01:18,1608,928,375,481768,2fa1ae6d-b3cf-46c5-b989-ebadc50bb69c
